(3, [(53, 54), (53, 55), (52, 55)], 0.8, 0.23)
(1, [(50, 57)], 0.0, 1.0)
(4, [(50, 57), (53, 54), (53, 55), (52, 55)], 0.37, 0.61)
(1, [(49, 57)], 0.0, 1.0)
(1, [(51, 54)], 0.0, 1.0)
(1, [(51, 55)], 0.0, 1.0)
(1, [(51, 55)], 0.0, 1.0)
(1, [(47, 57)], 0.0, 1.0)
(3, [(50, 54), (50, 55), (49, 55)], 0.8, 0.23)
(1, [(46, 57)], 0.0, 1.0)
(1, [(48, 54)], 0.0, 1.0)
(1, [(49, 55)], 0.0, 1.0)
(1, [(48, 55)], 0.0, 1.0)
(4, [(45, 57), (48, 54), (48, 55), (47, 55)], 0.37, 0.61)
(1, [(45, 57)], 0.0, 1.0)
(3, [(48, 54), (48, 55), (47, 55)], 0.8, 0.23)
(1, [(47, 55)], 0.0, 1.0)
(1, [(53, 54)], 0.0, 1.0)
(1, [(53, 55)], 0.0, 1.0)
(1, [(52, 55)], 0.0, 1.0)
(4, [(49, 57), (51, 54), (52, 55), (51, 55)], 0.44, 0.58)
(4, [(51, 58), (53, 56), (54, 56), (53, 56)], 0.4, 0.71)
(1, [(52, 59)], 0.0, 1.0)
(3, [(54, 57), (55, 57), (54, 57)], 0.65, 0.71)
(3, [(54, 58), (56, 58), (55, 58)], 0.29, 0.42)
(1, [(54, 60)], 0.0, 1.0)
(2, [(55, 60), (55, 58)], 1.0, 0.0)
(2, [(57, 59), (56, 59)], 1.0, 0.0)
(1, [(56, 61)], 0.0, 1.0)
(1, [(56, 59)], 0.0, 1.0)
(1, [(58, 59)], 0.0, 1.0)
(1, [(57, 59)], 0.0, 1.0)
(1, [(57, 62)], 0.0, 1.0)
(1, [(60, 60)], 0.0, 1.0)
(1, [(59, 60)], 0.0, 1.0)
(4, [(58, 63), (59, 60), (61, 61), (60, 61)], 0.57, 0.52)
(4, [(60, 63), (60, 60), (62, 61), (61, 61)], 0.55, 0.48)
(1, [(61, 64)], 0.0, 1.0)
(1, [(61, 61)], 0.0, 1.0)
(1, [(63, 62)], 0.0, 1.0)
(1, [(62, 62)], 0.0, 1.0)
(4, [(62, 65), (63, 61), (65, 62), (64, 62)], 0.53, 0.57)
(1, [(62, 65)], 0.0, 1.0)
(1, [(64, 62)], 0.0, 1.0)
(1, [(65, 63)], 0.0, 1.0)
(1, [(64, 63)], 0.0, 1.0)
(3, [(65, 62), (65, 63), (64, 63)], 0.8, 0.23)
(3, [(62, 65), (65, 63), (64, 63)], 0.61, 0.56)
(2, [(63, 64), (65, 63)], 1.0, 0.0)
(1, [(63, 64)], 0.0, 1.0)
(2, [(64, 64), (65, 63)], 1.0, 0.0)
(3, [(51, 54), (52, 55), (51, 54)], 0.65, 0.71)
(4, [(47, 56), (50, 53), (51, 54), (49, 54)], 0.45, 0.56)
(4, [(46, 56), (49, 53), (49, 54), (48, 54)], 0.37, 0.61)
(4, [(47, 56), (50, 53), (50, 55), (49, 54)], 0.49, 0.5)
(4, [(49, 57), (51, 54), (51, 56), (50, 55)], 0.56, 0.41)
(4, [(50, 58), (52, 54), (52, 56), (51, 56)], 0.35, 0.53)
(3, [(51, 58), (53, 57), (52, 57)], 0.56, 0.45)
(1, [(54, 55)], 0.0, 1.0)
(3, [(55, 56), (54, 58), (54, 57)], 0.56, 0.45)
(3, [(56, 57), (56, 58), (55, 58)], 0.8, 0.23)
(1, [(53, 60)], 0.0, 1.0)
(3, [(57, 57), (57, 59), (56, 59)], 0.74, 0.44)
(1, [(55, 61)], 0.0, 1.0)
(4, [(56, 61), (58, 58), (58, 59), (57, 59)], 0.43, 0.57)
(4, [(57, 62), (60, 59), (60, 60), (59, 60)], 0.37, 0.61)
(3, [(61, 59), (61, 61), (60, 61)], 0.74, 0.44)
(1, [(58, 63)], 0.0, 1.0)
(3, [(62, 60), (62, 61), (61, 61)], 0.8, 0.23)
(1, [(60, 63)], 0.0, 1.0)
(3, [(63, 61), (63, 62), (62, 62)], 0.8, 0.23)
(1, [(65, 62)], 0.0, 1.0)
(4, [(62, 65), (65, 62), (65, 63), (64, 63)], 0.37, 0.61)
(4, [(63, 64), (64, 62), (65, 63), (64, 63)], 0.39, 0.45)
(2, [(64, 63), (64, 63)], 1.0, 1.0)
(2, [(63, 64), (64, 63)], 1.0, 0.0)
(3, [(51, 54), (52, 55), (51, 55)], 0.8, 0.23)
(3, [(53, 55), (53, 55), (52, 55)], 0.65, 0.71)
(1, [(51, 58)], 0.0, 1.0)
(1, [(53, 56)], 0.0, 1.0)
(1, [(54, 56)], 0.0, 1.0)
(1, [(53, 56)], 0.0, 1.0)
(1, [(54, 57)], 0.0, 1.0)
(1, [(55, 57)], 0.0, 1.0)
(1, [(54, 57)], 0.0, 1.0)
(1, [(56, 58)], 0.0, 1.0)
(1, [(55, 58)], 0.0, 1.0)
(3, [(56, 58), (57, 59), (56, 59)], 0.8, 0.23)
(1, [(55, 60)], 0.0, 1.0)
(3, [(58, 59), (59, 59), (57, 59)], 0.29, 0.42)
(3, [(59, 59), (60, 60), (59, 60)], 0.8, 0.23)
(3, [(60, 60), (61, 61), (60, 61)], 0.8, 0.23)
(1, [(61, 60)], 0.0, 1.0)
(1, [(62, 61)], 0.0, 1.0)
(2, [(61, 64), (62, 62)], 1.0, 0.0)
(2, [(63, 61), (64, 62)], 1.0, 0.0)
(3, [(64, 62), (65, 63), (64, 62)], 0.65, 0.71)
(3, [(63, 64), (65, 64), (64, 64)], 0.29, 0.42)
(1, [(65, 64)], 0.0, 1.0)
(1, [(64, 64)], 0.0, 1.0)
(2, [(63, 64), (64, 64)], 1.0, 0.0)
(3, [(54, 55), (54, 56), (53, 56)], 0.8, 0.23)
(3, [(54, 56), (55, 57), (54, 57)], 0.8, 0.23)
(1, [(51, 59)], 0.0, 1.0)
(1, [(53, 57)], 0.0, 1.0)
(1, [(54, 58)], 0.0, 1.0)
(1, [(58, 60)], 0.0, 1.0)
(1, [(57, 60)], 0.0, 1.0)
(4, [(57, 62), (58, 60), (60, 60), (59, 60)], 0.53, 0.56)
(1, [(59, 62)], 0.0, 1.0)
(1, [(60, 61)], 0.0, 1.0)
(4, [(60, 63), (61, 61), (62, 62), (61, 61)], 0.66, 0.6)
(4, [(61, 64), (62, 61), (63, 62), (63, 62)], 0.56, 0.65)
(4, [(62, 64), (64, 62), (65, 63), (64, 63)], 0.45, 0.54)
(3, [(62, 64), (65, 63), (64, 63)], 0.54, 0.55)
(1, [(62, 64)], 0.0, 1.0)
(2, [(64, 64), (64, 63)], 1.0, 0.0)
(1, [(65, 65)], 0.0, 1.0)
(1, [(66, 66)], 0.0, 1.0)
(1, [(67, 67)], 0.0, 1.0)
(1, [(68, 68)], 0.0, 1.0)
(1, [(69, 69)], 0.0, 1.0)
(1, [(70, 70)], 0.0, 1.0)
(1, [(71, 71)], 0.0, 1.0)
(1, [(72, 72)], 0.0, 1.0)
(1, [(73, 73)], 0.0, 1.0)
(1, [(74, 74)], 0.0, 1.0)
(1, [(75, 75)], 0.0, 1.0)
(1, [(76, 76)], 0.0, 1.0)
(1, [(77, 77)], 0.0, 1.0)
(1, [(78, 78)], 0.0, 1.0)
(1, [(79, 79)], 0.0, 1.0)
(1, [(80, 80)], 0.0, 1.0)
(1, [(81, 81)], 0.0, 1.0)
(4, [(49, 57), (51, 54), (51, 55), (51, 55)], 0.4, 0.71)
(4, [(50, 58), (52, 55), (53, 56), (52, 56)], 0.44, 0.58)
(4, [(51, 58), (54, 56), (54, 56), (53, 56)], 0.44, 0.73)
(4, [(52, 59), (55, 56), (55, 57), (54, 57)], 0.37, 0.61)
(3, [(55, 58), (56, 57), (55, 58)], 0.65, 0.71)
(3, [(55, 61), (55, 59), (56, 59)], 0.74, 0.44)
(1, [(58, 57)], 0.0, 1.0)
(4, [(56, 61), (56, 60), (59, 58), (57, 60)], 0.37, 0.61)
(4, [(57, 62), (58, 60), (60, 59), (58, 60)], 0.28, 0.63)
(4, [(58, 63), (59, 60), (61, 60), (60, 61)], 0.49, 0.5)
(4, [(60, 63), (60, 61), (62, 61), (61, 61)], 0.62, 0.47)
(3, [(62, 61), (63, 61), (62, 62)], 0.8, 0.23)
(4, [(62, 65), (63, 61), (64, 62), (64, 62)], 0.49, 0.68)
(4, [(62, 65), (64, 62), (65, 63), (64, 63)], 0.44, 0.58)
(3, [(64, 63), (65, 63), (64, 64)], 0.8, 0.23)
(3, [(64, 64), (65, 63), (64, 64)], 0.65, 0.71)
(4, [(54, 59), (54, 57), (56, 58), (55, 58)], 0.57, 0.32)
(2, [(55, 59), (55, 58)], 1.0, 0.0)
(2, [(54, 58), (54, 57)], 1.0, 0.0)
(4, [(54, 58), (54, 57), (54, 58), (55, 58)], 0.62, 0.55)
(4, [(54, 58), (54, 57), (54, 59), (55, 58)], 0.58, 0.31)
(1, [(54, 59)], 0.0, 1.0)
(3, [(54, 58), (54, 59), (54, 58)], 0.65, 0.71)
(3, [(55, 59), (55, 60), (55, 59)], 0.65, 0.71)
(3, [(56, 60), (56, 61), (56, 60)], 0.65, 0.71)
(3, [(57, 61), (57, 62), (57, 61)], 0.65, 0.71)
(1, [(58, 61)], 0.0, 1.0)
(1, [(58, 62)], 0.0, 1.0)
(1, [(59, 61)], 0.0, 1.0)
(1, [(60, 62)], 0.0, 1.0)
(1, [(60, 62)], 0.0, 1.0)
(3, [(61, 62), (61, 63), (61, 62)], 0.65, 0.71)
(3, [(62, 63), (62, 64), (62, 63)], 0.65, 0.71)
(3, [(63, 64), (63, 65), (63, 64)], 0.65, 0.71)
(3, [(64, 65), (64, 66), (64, 65)], 0.65, 0.71)
(3, [(65, 66), (65, 67), (65, 66)], 0.65, 0.71)
(3, [(66, 67), (66, 68), (66, 67)], 0.65, 0.71)
(3, [(67, 68), (67, 69), (67, 68)], 0.65, 0.71)
(3, [(68, 69), (68, 70), (68, 69)], 0.65, 0.71)
(3, [(69, 70), (69, 71), (69, 70)], 0.65, 0.71)
(3, [(70, 71), (70, 72), (70, 71)], 0.65, 0.71)
(1, [(70, 72)], 0.0, 1.0)
(1, [(71, 73)], 0.0, 1.0)
(1, [(71, 72)], 0.0, 1.0)
(1, [(72, 74)], 0.0, 1.0)
(1, [(72, 73)], 0.0, 1.0)
(1, [(73, 75)], 0.0, 1.0)
(1, [(73, 74)], 0.0, 1.0)
(1, [(74, 76)], 0.0, 1.0)
(1, [(74, 75)], 0.0, 1.0)
(1, [(75, 77)], 0.0, 1.0)
(1, [(75, 76)], 0.0, 1.0)
(3, [(75, 77), (76, 78), (76, 77)], 0.8, 0.23)
(1, [(76, 78)], 0.0, 1.0)
(1, [(77, 79)], 0.0, 1.0)
(1, [(77, 78)], 0.0, 1.0)
(1, [(78, 80)], 0.0, 1.0)
(1, [(78, 79)], 0.0, 1.0)
(1, [(79, 81)], 0.0, 1.0)
(1, [(79, 80)], 0.0, 1.0)
(1, [(80, 82)], 0.0, 1.0)
(1, [(80, 81)], 0.0, 1.0)
(1, [(81, 83)], 0.0, 1.0)
(1, [(81, 82)], 0.0, 1.0)
(3, [(81, 83), (82, 84), (82, 83)], 0.8, 0.23)
(1, [(82, 84)], 0.0, 1.0)
(1, [(83, 85)], 0.0, 1.0)
(1, [(83, 84)], 0.0, 1.0)
(1, [(84, 86)], 0.0, 1.0)
(1, [(84, 85)], 0.0, 1.0)
(1, [(84, 87)], 0.0, 1.0)
(1, [(85, 86)], 0.0, 1.0)
(3, [(85, 87), (85, 88), (86, 87)], 0.8, 0.23)
(1, [(86, 88)], 0.0, 1.0)
(1, [(86, 89)], 0.0, 1.0)
(1, [(87, 88)], 0.0, 1.0)
(1, [(87, 89)], 0.0, 1.0)
(1, [(87, 90)], 0.0, 1.0)
(1, [(88, 89)], 0.0, 1.0)
(1, [(88, 90)], 0.0, 1.0)
(1, [(88, 91)], 0.0, 1.0)
(1, [(89, 90)], 0.0, 1.0)
(1, [(47, 56)], 0.0, 1.0)
(1, [(50, 53)], 0.0, 1.0)
(1, [(49, 54)], 0.0, 1.0)
(1, [(46, 56)], 0.0, 1.0)
(1, [(49, 53)], 0.0, 1.0)
(1, [(45, 56)], 0.0, 1.0)
(1, [(47, 53)], 0.0, 1.0)
(1, [(47, 54)], 0.0, 1.0)
(1, [(43, 56)], 0.0, 1.0)
(1, [(46, 53)], 0.0, 1.0)
(1, [(46, 54)], 0.0, 1.0)
(1, [(45, 54)], 0.0, 1.0)
(4, [(43, 54), (44, 53), (45, 54), (44, 54)], 0.58, 0.31)
(3, [(44, 53), (44, 54), (44, 54)], 0.65, 0.71)
(1, [(43, 54)], 0.0, 1.0)
(3, [(44, 55), (45, 55), (44, 55)], 0.65, 0.71)
(1, [(44, 54)], 0.0, 1.0)
(3, [(45, 56), (45, 55), (45, 56)], 0.65, 0.71)
(4, [(46, 56), (46, 56), (48, 56), (47, 56)], 0.53, 0.72)
(4, [(47, 57), (48, 56), (49, 57), (48, 57)], 0.58, 0.31)
(1, [(50, 58)], 0.0, 1.0)
(4, [(49, 57), (49, 57), (50, 57), (50, 58)], 0.77, 0.61)
(3, [(50, 57), (50, 57), (50, 57)], 1.0, 1.0)
(2, [(50, 58), (50, 58)], 1.0, 1.0)
(2, [(51, 58), (51, 58)], 1.0, 1.0)
(2, [(52, 60), (52, 60)], 1.0, 1.0)
(2, [(53, 60), (53, 60)], 1.0, 1.0)
(2, [(54, 61), (54, 61)], 1.0, 1.0)
(2, [(53, 61), (53, 61)], 1.0, 1.0)
(4, [(54, 63), (54, 62), (55, 62), (55, 63)], 1.0, 0.0)
(4, [(55, 64), (55, 63), (56, 63), (56, 64)], 1.0, 0.0)
(4, [(56, 65), (56, 64), (57, 64), (56, 65)], 0.77, 0.61)
(4, [(57, 66), (57, 65), (58, 65), (57, 66)], 0.77, 0.61)
(4, [(58, 67), (58, 66), (58, 66), (58, 67)], 1.0, 1.0)
(4, [(59, 68), (59, 67), (59, 67), (59, 68)], 1.0, 1.0)
(1, [(59, 69)], 0.0, 1.0)
(1, [(60, 68)], 0.0, 1.0)
(1, [(60, 68)], 0.0, 1.0)
(1, [(60, 69)], 0.0, 1.0)
(4, [(60, 70), (61, 69), (61, 69), (61, 70)], 0.77, 0.61)
(2, [(62, 70), (62, 71)], 1.0, 0.0)
(2, [(61, 71), (61, 70)], 1.0, 0.0)
(4, [(62, 72), (62, 71), (63, 71), (63, 72)], 1.0, 0.0)
(2, [(63, 73), (63, 73)], 1.0, 1.0)
(2, [(64, 73), (64, 73)], 1.0, 1.0)
(2, [(64, 74), (64, 74)], 1.0, 1.0)
(2, [(65, 74), (65, 74)], 1.0, 1.0)
(2, [(65, 75), (65, 75)], 1.0, 1.0)
(2, [(66, 75), (66, 75)], 1.0, 1.0)
(2, [(67, 76), (67, 76)], 1.0, 1.0)
(2, [(66, 76), (66, 76)], 1.0, 1.0)
(3, [(67, 77), (67, 77), (67, 77)], 1.0, 1.0)
(1, [(68, 77)], 0.0, 1.0)
(4, [(68, 78), (68, 78), (69, 78), (68, 79)], 0.62, 0.55)
(2, [(69, 80), (69, 80)], 1.0, 1.0)
(2, [(69, 79), (69, 79)], 1.0, 1.0)
(4, [(70, 81), (70, 80), (70, 80), (70, 81)], 1.0, 1.0)
(4, [(70, 82), (71, 81), (71, 81), (71, 82)], 0.77, 0.61)
(4, [(71, 83), (72, 82), (72, 82), (72, 83)], 0.77, 0.61)
(4, [(72, 84), (72, 83), (73, 83), (73, 84)], 1.0, 0.0)
(4, [(73, 85), (73, 84), (74, 84), (74, 85)], 1.0, 0.0)
(1, [(74, 85)], 0.0, 1.0)
(1, [(74, 85)], 0.0, 1.0)
(1, [(74, 85)], 0.0, 1.0)
(1, [(74, 85)], 0.0, 1.0)
(3, [(50, 54), (51, 54), (49, 54)], 0.29, 0.42)
(3, [(49, 53), (49, 54), (48, 54)], 0.8, 0.23)
(1, [(48, 53)], 0.0, 1.0)
(1, [(46, 55)], 0.0, 1.0)
(3, [(48, 56), (47, 56), (46, 56)], 0.29, 0.42)
(1, [(50, 54)], 0.0, 1.0)
(1, [(48, 57)], 0.0, 1.0)
(1, [(48, 57)], 0.0, 1.0)
(4, [(50, 58), (51, 55), (50, 57), (49, 57)], 0.45, 0.54)
(3, [(51, 58), (51, 58), (50, 58)], 0.65, 0.71)
(1, [(53, 59)], 0.0, 1.0)
(1, [(52, 58)], 0.0, 1.0)
(1, [(52, 58)], 0.0, 1.0)
(4, [(55, 60), (56, 58), (55, 59), (54, 59)], 0.39, 0.45)
(4, [(57, 60), (57, 59), (56, 60), (55, 60)], 0.6, 0.45)
(1, [(59, 59)], 0.0, 1.0)
(4, [(59, 62), (60, 60), (59, 61), (58, 61)], 0.39, 0.45)
(3, [(60, 62), (60, 61), (59, 61)], 0.8, 0.23)
(4, [(62, 63), (62, 61), (61, 62), (61, 62)], 0.62, 0.55)
(4, [(63, 63), (64, 62), (63, 62), (62, 62)], 0.58, 0.31)
(1, [(63, 63)], 0.0, 1.0)
(4, [(63, 64), (64, 62), (64, 63), (63, 63)], 0.62, 0.37)
(3, [(64, 64), (64, 63), (64, 63)], 0.65, 0.71)
(3, [(64, 63), (65, 63), (64, 63)], 0.65, 0.71)
(2, [(64, 63), (65, 63)], 1.0, 0.0)
(1, [(66, 64)], 0.0, 1.0)
(1, [(66, 65)], 0.0, 1.0)
(1, [(67, 65)], 0.0, 1.0)
(1, [(67, 66)], 0.0, 1.0)
(1, [(68, 66)], 0.0, 1.0)
(1, [(68, 67)], 0.0, 1.0)
(1, [(69, 67)], 0.0, 1.0)
(1, [(69, 68)], 0.0, 1.0)
(1, [(70, 68)], 0.0, 1.0)
(1, [(70, 69)], 0.0, 1.0)
(1, [(71, 69)], 0.0, 1.0)
(1, [(71, 70)], 0.0, 1.0)
(1, [(72, 70)], 0.0, 1.0)
(1, [(72, 71)], 0.0, 1.0)
(1, [(73, 71)], 0.0, 1.0)
(1, [(73, 72)], 0.0, 1.0)
(1, [(74, 72)], 0.0, 1.0)
(1, [(74, 73)], 0.0, 1.0)
(1, [(75, 73)], 0.0, 1.0)
(1, [(75, 74)], 0.0, 1.0)
(1, [(76, 74)], 0.0, 1.0)
(1, [(76, 75)], 0.0, 1.0)
(1, [(77, 75)], 0.0, 1.0)
(1, [(77, 76)], 0.0, 1.0)
(1, [(78, 76)], 0.0, 1.0)
(1, [(78, 77)], 0.0, 1.0)
(1, [(79, 77)], 0.0, 1.0)
(1, [(79, 78)], 0.0, 1.0)
(1, [(80, 78)], 0.0, 1.0)
(3, [(50, 53), (51, 54), (49, 54)], 0.8, 0.23)
(3, [(47, 53), (48, 54), (47, 54)], 0.8, 0.23)
(4, [(46, 54), (47, 53), (47, 54), (47, 54)], 0.62, 0.55)
(4, [(46, 55), (49, 53), (48, 54), (48, 54)], 0.23, 0.68)
(1, [(48, 56)], 0.0, 1.0)
(1, [(50, 55)], 0.0, 1.0)
(4, [(50, 57), (52, 56), (52, 56), (51, 56)], 0.53, 0.71)
(3, [(54, 56), (53, 57), (52, 56)], 0.8, 0.23)
(3, [(53, 58), (54, 57), (54, 57)], 0.65, 0.71)
(3, [(57, 58), (57, 59), (56, 59)], 0.8, 0.23)
(2, [(58, 59), (57, 59)], 1.0, 0.0)
(2, [(57, 60), (58, 60)], 1.0, 0.0)
(4, [(59, 61), (61, 60), (60, 61), (60, 61)], 0.35, 0.66)
(2, [(60, 62), (61, 61)], 1.0, 0.0)
(2, [(62, 61), (62, 62)], 1.0, 0.0)
(2, [(62, 63), (62, 62)], 1.0, 0.0)
(2, [(63, 62), (63, 62)], 1.0, 1.0)
(2, [(65, 63), (64, 63)], 1.0, 0.0)
(2, [(63, 63), (63, 63)], 1.0, 1.0)
(3, [(63, 63), (64, 63), (64, 63)], 0.65, 0.71)
(4, [(63, 63), (65, 63), (64, 63), (64, 63)], 0.0, 0.65)
(4, [(63, 63), (64, 63), (64, 63), (64, 63)], 0.42, 0.76)
(3, [(64, 63), (64, 63), (64, 63)], 1.0, 1.0)
(3, [(47, 53), (47, 54), (47, 54)], 0.65, 0.71)
(3, [(46, 54), (47, 54), (47, 54)], 0.65, 0.71)
(1, [(45, 53)], 0.0, 1.0)
(3, [(45, 53), (47, 53), (46, 53)], 0.29, 0.42)
(1, [(50, 56)], 0.0, 1.0)
(3, [(51, 57), (53, 56), (52, 56)], 0.56, 0.45)
(3, [(52, 57), (54, 57), (53, 57)], 0.29, 0.42)
(3, [(54, 58), (55, 57), (54, 57)], 0.8, 0.23)
(1, [(55, 59)], 0.0, 1.0)
(3, [(56, 59), (58, 59), (57, 59)], 0.29, 0.42)
(3, [(57, 60), (59, 59), (58, 59)], 0.56, 0.45)
(3, [(59, 61), (60, 60), (59, 60)], 0.8, 0.23)
(3, [(61, 62), (63, 61), (62, 62)], 0.56, 0.45)
(3, [(62, 63), (64, 62), (63, 62)], 0.56, 0.45)
(3, [(63, 63), (65, 63), (64, 63)], 0.29, 0.42)
(3, [(64, 64), (66, 64), (65, 64)], 0.29, 0.42)
(3, [(66, 66), (68, 66), (67, 66)], 0.29, 0.42)
(3, [(67, 67), (69, 67), (68, 67)], 0.29, 0.42)
(3, [(68, 68), (70, 68), (69, 68)], 0.29, 0.42)
(1, [(71, 68)], 0.0, 1.0)
(3, [(70, 70), (72, 69), (71, 70)], 0.56, 0.45)
(3, [(71, 71), (73, 70), (72, 71)], 0.56, 0.45)
(3, [(72, 72), (74, 71), (73, 72)], 0.56, 0.45)
(3, [(73, 73), (75, 72), (74, 73)], 0.56, 0.45)
(3, [(74, 74), (76, 73), (75, 74)], 0.56, 0.45)
(3, [(75, 75), (77, 74), (76, 75)], 0.56, 0.45)
(3, [(76, 76), (78, 75), (77, 76)], 0.56, 0.45)
(3, [(77, 77), (79, 76), (78, 77)], 0.56, 0.45)
(3, [(78, 78), (80, 77), (79, 78)], 0.56, 0.45)
(3, [(79, 79), (81, 78), (80, 79)], 0.56, 0.45)
(3, [(80, 80), (82, 79), (81, 80)], 0.56, 0.45)
(3, [(81, 81), (83, 80), (82, 81)], 0.56, 0.45)
(1, [(44, 56)], 0.0, 1.0)
(3, [(46, 57), (47, 56), (47, 55)], 0.56, 0.45)
(1, [(48, 52)], 0.0, 1.0)
(3, [(47, 58), (49, 56), (48, 56)], 0.65, 0.51)
(4, [(48, 58), (50, 54), (50, 57), (49, 56)], 0.45, 0.46)
(4, [(49, 59), (52, 54), (51, 57), (51, 57)], 0.21, 0.65)
(4, [(51, 59), (53, 55), (52, 58), (52, 58)], 0.32, 0.7)
(4, [(51, 59), (53, 56), (52, 58), (52, 58)], 0.23, 0.68)
(4, [(52, 58), (52, 57), (52, 58), (52, 58)], 0.42, 0.76)
(4, [(53, 59), (54, 58), (54, 59), (53, 58)], 1.0, 0.0)
(4, [(54, 59), (54, 57), (54, 58), (54, 58)], 0.0, 0.65)
(3, [(54, 59), (54, 58), (54, 58)], 0.65, 0.71)
(4, [(54, 57), (54, 55), (54, 56), (54, 56)], 0.0, 0.65)
(1, [(55, 56)], 0.0, 1.0)
(4, [(56, 58), (57, 57), (57, 58), (56, 57)], 1.0, 0.0)
(4, [(57, 59), (58, 58), (58, 59), (57, 58)], 1.0, 0.0)
(4, [(58, 60), (59, 59), (59, 59), (58, 59)], 0.77, 0.61)
(1, [(60, 59)], 0.0, 1.0)
(4, [(61, 61), (61, 60), (61, 61), (61, 61)], 0.42, 0.76)
(4, [(63, 63), (64, 62), (63, 63), (63, 62)], 0.77, 0.61)
(3, [(64, 62), (64, 63), (64, 63)], 0.65, 0.71)
(4, [(64, 64), (64, 62), (64, 63), (64, 63)], 0.0, 0.65)
(3, [(52, 56), (53, 56), (52, 56)], 0.65, 0.71)
(1, [(51, 57)], 0.0, 1.0)
(4, [(52, 57), (53, 57), (54, 57), (53, 57)], 0.0, 0.65)
(4, [(53, 58), (54, 57), (55, 58), (54, 58)], 0.58, 0.31)
(4, [(55, 59), (56, 58), (56, 58), (55, 58)], 0.77, 0.61)
(4, [(56, 60), (57, 59), (58, 59), (56, 59)], 0.6, 0.45)
(3, [(57, 60), (58, 59), (58, 60)], 0.8, 0.23)
(4, [(61, 62), (62, 61), (63, 62), (61, 62)], 0.77, 0.61)
(4, [(62, 63), (63, 62), (64, 62), (63, 62)], 0.35, 0.66)
(4, [(63, 64), (64, 63), (65, 63), (64, 63)], 0.35, 0.66)
(3, [(65, 63), (65, 63), (64, 63)], 0.65, 0.71)
(2, [(65, 62), (65, 63)], 1.0, 0.0)
(4, [(51, 56), (52, 55), (52, 55), (51, 55)], 0.77, 0.61)
(4, [(52, 57), (52, 56), (53, 56), (52, 56)], 0.62, 0.55)
(4, [(53, 57), (54, 57), (54, 57), (53, 57)], 1.0, 1.0)
(4, [(55, 59), (56, 58), (57, 58), (55, 58)], 0.6, 0.45)
(4, [(59, 61), (60, 60), (60, 60), (59, 60)], 0.77, 0.61)
(1, [(61, 63)], 0.0, 1.0)
(1, [(61, 62)], 0.0, 1.0)
(4, [(63, 63), (63, 62), (64, 62), (63, 62)], 0.62, 0.55)
(3, [(64, 62), (65, 63), (64, 63)], 0.8, 0.23)
(3, [(64, 64), (64, 63), (63, 63)], 0.8, 0.23)
(3, [(64, 64), (64, 62), (64, 63)], 0.29, 0.42)
(3, [(64, 62), (64, 63), (63, 63)], 0.8, 0.23)
(2, [(64, 62), (63, 63)], 1.0, 0.0)
(2, [(64, 62), (64, 63)], 1.0, 0.0)
(2, [(64, 64), (63, 63)], 1.0, 0.0)
(1, [(52, 56)], 0.0, 1.0)
(1, [(52, 56)], 0.0, 1.0)
(4, [(52, 58), (53, 57), (53, 57), (52, 57)], 0.77, 0.61)
(1, [(53, 58)], 0.0, 1.0)
(4, [(58, 61), (59, 60), (60, 60), (58, 60)], 0.6, 0.45)
(3, [(60, 62), (62, 62), (61, 62)], 0.29, 0.42)
(1, [(62, 63)], 0.0, 1.0)
(1, [(64, 61)], 0.0, 1.0)
(1, [(64, 60)], 0.0, 1.0)
(1, [(65, 61)], 0.0, 1.0)
(3, [(64, 59), (65, 59), (64, 60)], 0.8, 0.23)
(1, [(64, 59)], 0.0, 1.0)
(1, [(65, 59)], 0.0, 1.0)
(1, [(64, 59)], 0.0, 1.0)
(1, [(63, 59)], 0.0, 1.0)
(1, [(65, 60)], 0.0, 1.0)
(3, [(63, 61), (65, 61), (66, 59)], 0.65, 0.36)
(1, [(66, 60)], 0.0, 1.0)
(3, [(64, 63), (65, 63), (65, 62)], 0.8, 0.23)
(2, [(65, 64), (65, 64)], 1.0, 1.0)
(2, [(66, 65), (66, 65)], 1.0, 1.0)
(2, [(67, 66), (67, 66)], 1.0, 1.0)
(2, [(68, 67), (68, 67)], 1.0, 1.0)
(2, [(69, 68), (69, 68)], 1.0, 1.0)
(2, [(70, 69), (70, 69)], 1.0, 1.0)
(2, [(72, 70), (72, 71)], 1.0, 0.0)
(2, [(75, 73), (75, 74)], 1.0, 0.0)
(1, [(80, 79)], 0.0, 1.0)
(1, [(81, 79)], 0.0, 1.0)
(1, [(81, 80)], 0.0, 1.0)
(4, [(52, 59), (55, 56), (56, 57), (54, 57)], 0.45, 0.56)
(4, [(54, 59), (55, 57), (56, 58), (55, 58)], 0.39, 0.45)
(4, [(59, 61), (59, 60), (60, 60), (59, 60)], 0.62, 0.55)
(3, [(63, 62), (63, 62), (63, 62)], 1.0, 1.0)
(3, [(64, 64), (65, 63), (64, 63)], 0.8, 0.23)
(1, [(56, 57)], 0.0, 1.0)
(4, [(55, 60), (56, 58), (57, 59), (56, 59)], 0.39, 0.45)
(3, [(56, 61), (57, 59), (57, 59)], 0.65, 0.71)
(4, [(57, 60), (58, 59), (58, 60), (58, 60)], 0.62, 0.55)
(3, [(59, 60), (60, 60), (59, 61)], 0.8, 0.23)
(3, [(58, 61), (60, 60), (59, 60)], 0.56, 0.45)
(3, [(60, 61), (61, 61), (60, 61)], 0.65, 0.71)
(3, [(61, 62), (62, 62), (61, 62)], 0.65, 0.71)
(3, [(62, 63), (63, 62), (63, 62)], 0.65, 0.71)
(3, [(63, 64), (65, 63), (64, 63)], 0.56, 0.45)
(3, [(64, 64), (65, 64), (64, 63)], 0.8, 0.23)
(2, [(65, 64), (64, 63)], 1.0, 0.0)
(3, [(48, 53), (48, 54), (47, 54)], 0.8, 0.23)
(4, [(45, 54), (46, 53), (47, 54), (46, 54)], 0.58, 0.31)
(3, [(46, 53), (46, 54), (46, 54)], 0.65, 0.71)
(2, [(45, 53), (45, 54)], 1.0, 0.0)
(2, [(44, 53), (44, 53)], 1.0, 1.0)
(1, [(43, 53)], 0.0, 1.0)
(1, [(44, 53)], 0.0, 1.0)
(1, [(44, 53)], 0.0, 1.0)
(1, [(42, 52)], 0.0, 1.0)
(1, [(44, 52)], 0.0, 1.0)
(1, [(43, 52)], 0.0, 1.0)
(1, [(43, 52)], 0.0, 1.0)
(1, [(41, 51)], 0.0, 1.0)
(1, [(43, 51)], 0.0, 1.0)
(1, [(42, 51)], 0.0, 1.0)
(1, [(42, 51)], 0.0, 1.0)
(4, [(42, 52), (44, 51), (44, 52), (43, 52)], 0.6, 0.45)
(3, [(43, 53), (45, 53), (44, 52)], 0.8, 0.23)
(1, [(45, 51)], 0.0, 1.0)
(2, [(46, 52), (46, 53)], 1.0, 0.0)
(2, [(45, 53), (45, 53)], 1.0, 1.0)
(2, [(47, 53), (47, 53)], 1.0, 1.0)
(2, [(46, 54), (47, 54)], 1.0, 0.0)
(4, [(46, 54), (47, 53), (47, 54), (47, 53)], 0.77, 0.61)
(3, [(47, 53), (47, 54), (47, 53)], 0.65, 0.71)
(3, [(55, 56), (56, 57), (54, 57)], 0.8, 0.23)
(3, [(54, 59), (55, 57), (55, 58)], 0.56, 0.45)
(2, [(54, 58), (54, 58)], 1.0, 1.0)
(2, [(55, 57), (55, 58)], 1.0, 0.0)
(4, [(54, 60), (54, 58), (55, 59), (54, 59)], 0.58, 0.31)
(4, [(53, 60), (53, 58), (54, 59), (53, 59)], 0.58, 0.31)
(3, [(52, 60), (53, 59), (52, 59)], 0.8, 0.23)
(1, [(52, 60)], 0.0, 1.0)
(2, [(56, 61), (55, 61)], 1.0, 0.0)
(2, [(57, 61), (56, 61)], 1.0, 0.0)
(2, [(60, 62), (59, 62)], 1.0, 0.0)
(2, [(61, 63), (60, 62)], 1.0, 0.0)
(2, [(64, 63), (63, 63)], 1.0, 0.0)
(4, [(45, 56), (47, 53), (48, 54), (47, 54)], 0.44, 0.58)
(4, [(43, 54), (44, 53), (44, 54), (44, 54)], 0.62, 0.55)
(3, [(42, 53), (43, 53), (43, 53)], 0.65, 0.71)
(1, [(42, 53)], 0.0, 1.0)
(3, [(43, 53), (44, 53), (43, 53)], 0.65, 0.71)
(4, [(42, 53), (43, 53), (44, 53), (43, 53)], 0.0, 0.65)
(1, [(44, 55)], 0.0, 1.0)
(1, [(45, 55)], 0.0, 1.0)
(3, [(47, 56), (48, 56), (47, 56)], 0.65, 0.71)
(3, [(49, 56), (49, 57), (49, 57)], 0.65, 0.71)
(3, [(49, 57), (50, 57), (50, 57)], 0.65, 0.71)
(3, [(51, 58), (51, 59), (51, 58)], 0.65, 0.71)
(1, [(50, 59)], 0.0, 1.0)
(2, [(51, 60), (52, 60)], 1.0, 0.0)
(2, [(52, 59), (52, 59)], 1.0, 1.0)
(2, [(54, 59), (54, 60)], 1.0, 0.0)
(2, [(52, 60), (53, 60)], 1.0, 0.0)
(3, [(54, 60), (55, 60), (54, 60)], 0.65, 0.71)
(3, [(55, 61), (56, 61), (56, 61)], 0.65, 0.71)
(1, [(56, 60)], 0.0, 1.0)
(4, [(56, 61), (58, 61), (58, 61), (57, 61)], 0.53, 0.72)
(3, [(58, 62), (59, 61), (59, 62)], 0.8, 0.23)
(4, [(59, 62), (60, 61), (60, 62), (60, 62)], 0.62, 0.55)
(4, [(60, 62), (62, 62), (62, 63), (61, 62)], 0.6, 0.45)
(3, [(62, 63), (63, 63), (63, 63)], 0.65, 0.71)
(4, [(63, 63), (64, 63), (65, 63), (64, 63)], 0.0, 0.65)
(3, [(46, 53), (46, 54), (45, 54)], 0.8, 0.23)
(1, [(47, 58)], 0.0, 1.0)
(3, [(48, 58), (49, 57), (49, 57)], 0.65, 0.71)
(4, [(49, 57), (50, 55), (49, 57), (49, 57)], 0.42, 0.76)
(3, [(49, 57), (49, 57), (49, 57)], 1.0, 1.0)
(1, [(49, 56)], 0.0, 1.0)
(3, [(51, 57), (51, 58), (50, 57)], 0.8, 0.23)
(3, [(51, 58), (52, 58), (51, 58)], 0.65, 0.71)
(1, [(52, 57)], 0.0, 1.0)
(3, [(53, 59), (53, 59), (53, 59)], 1.0, 1.0)
(3, [(54, 60), (54, 59), (54, 59)], 0.65, 0.71)
(3, [(55, 60), (56, 59), (56, 60)], 0.8, 0.23)
(3, [(57, 61), (57, 60), (57, 60)], 0.65, 0.71)
(3, [(58, 61), (58, 60), (59, 61)], 0.8, 0.23)
(3, [(61, 62), (61, 61), (61, 62)], 0.65, 0.71)
(3, [(62, 63), (62, 62), (63, 62)], 0.8, 0.23)
(3, [(63, 63), (64, 62), (64, 63)], 0.8, 0.23)
(1, [(42, 54)], 0.0, 1.0)
(4, [(41, 53), (42, 53), (43, 53), (42, 53)], 0.0, 0.65)
(4, [(42, 54), (43, 52), (43, 54), (42, 52)], 1.0, 0.37)
(1, [(43, 55)], 0.0, 1.0)
(2, [(48, 54), (47, 53)], 1.0, 0.0)
(2, [(47, 57), (48, 56)], 1.0, 0.0)
(4, [(48, 57), (49, 55), (49, 57), (48, 54)], 0.76, 0.53)
(2, [(50, 58), (50, 57)], 1.0, 0.0)
(2, [(50, 55), (49, 55)], 1.0, 0.0)
(3, [(52, 59), (53, 57), (53, 58)], 0.56, 0.45)
(1, [(51, 56)], 0.0, 1.0)
(2, [(54, 57), (53, 57)], 1.0, 0.0)
(2, [(53, 59), (54, 59)], 1.0, 0.0)
(3, [(55, 60), (55, 58), (55, 59)], 0.29, 0.42)
(4, [(56, 61), (57, 58), (57, 60), (55, 58)], 0.81, 0.32)
(3, [(57, 61), (58, 59), (58, 60)], 0.56, 0.45)
(2, [(60, 60), (59, 60)], 1.0, 0.0)
(3, [(62, 61), (62, 62), (60, 61)], 0.74, 0.44)
(3, [(63, 63), (63, 62), (63, 62)], 0.65, 0.71)
(2, [(63, 63), (62, 62)], 1.0, 0.0)
(2, [(64, 62), (65, 63)], 1.0, 0.0)
(4, [(63, 63), (64, 62), (65, 63), (64, 63)], 0.58, 0.31)
(2, [(56, 59), (57, 59)], 1.0, 0.0)
(2, [(56, 60), (56, 60)], 1.0, 1.0)
(3, [(59, 62), (59, 61), (59, 61)], 0.65, 0.71)
(3, [(61, 63), (62, 62), (61, 62)], 0.8, 0.23)
(4, [(54, 58), (55, 57), (55, 58), (54, 58)], 0.77, 0.61)
(3, [(55, 59), (56, 59), (55, 59)], 0.65, 0.71)
(3, [(56, 60), (57, 60), (56, 59)], 0.8, 0.23)
(3, [(57, 61), (58, 60), (57, 60)], 0.8, 0.23)
(3, [(59, 61), (59, 61), (58, 61)], 0.65, 0.71)
(3, [(60, 62), (61, 61), (60, 61)], 0.8, 0.23)
(3, [(62, 63), (63, 63), (62, 62)], 0.8, 0.23)
(2, [(64, 63), (64, 62)], 1.0, 0.0)
(2, [(53, 58), (53, 57)], 1.0, 0.0)
(2, [(54, 56), (54, 57)], 1.0, 0.0)
(2, [(51, 58), (52, 57)], 1.0, 0.0)
(2, [(53, 56), (53, 57)], 1.0, 0.0)
(3, [(52, 56), (53, 57), (52, 57)], 0.8, 0.23)
(1, [(57, 58)], 0.0, 1.0)
(3, [(57, 59), (59, 59), (58, 59)], 0.29, 0.42)
(3, [(58, 60), (60, 59), (59, 60)], 0.56, 0.45)
(3, [(59, 60), (61, 60), (60, 61)], 0.8, 0.23)
(3, [(60, 61), (62, 61), (61, 61)], 0.29, 0.42)
(3, [(61, 62), (63, 62), (62, 62)], 0.29, 0.42)
(3, [(62, 63), (64, 62), (63, 63)], 0.56, 0.45)
(3, [(54, 56), (54, 57), (53, 57)], 0.8, 0.23)
(4, [(53, 58), (54, 56), (54, 57), (53, 57)], 0.62, 0.37)
(3, [(53, 58), (54, 56), (53, 57)], 0.56, 0.45)
(3, [(53, 59), (55, 57), (54, 58)], 0.29, 0.42)
(3, [(54, 59), (56, 58), (56, 58)], 0.65, 0.71)
(3, [(56, 60), (58, 58), (57, 59)], 0.29, 0.42)
(3, [(57, 60), (59, 59), (58, 60)], 0.56, 0.45)
(3, [(61, 62), (62, 61), (62, 62)], 0.8, 0.23)
(3, [(63, 64), (65, 62), (64, 63)], 0.29, 0.42)
(3, [(64, 64), (65, 62), (64, 63)], 0.56, 0.45)
(3, [(58, 59), (60, 60), (59, 60)], 0.56, 0.45)
(4, [(59, 62), (60, 60), (61, 61), (60, 61)], 0.39, 0.45)
(3, [(61, 61), (62, 61), (61, 61)], 0.65, 0.71)
(4, [(61, 63), (62, 61), (64, 62), (63, 62)], 0.6, 0.45)
(3, [(65, 62), (66, 62), (65, 62)], 0.65, 0.71)
(3, [(64, 63), (65, 62), (65, 62)], 0.65, 0.71)
(2, [(65, 62), (65, 62)], 1.0, 1.0)
(2, [(65, 63), (64, 62)], 1.0, 0.0)
(2, [(65, 62), (64, 62)], 1.0, 0.0)
(4, [(51, 58), (54, 55), (53, 56), (53, 56)], 0.26, 0.7)
(1, [(55, 55)], 0.0, 1.0)
(4, [(53, 58), (55, 56), (54, 57), (53, 57)], 0.47, 0.51)
(4, [(53, 58), (54, 57), (54, 57), (53, 57)], 0.77, 0.61)
(3, [(54, 57), (54, 57), (53, 57)], 0.65, 0.71)
(3, [(53, 58), (53, 57), (53, 57)], 0.65, 0.71)
(2, [(56, 59), (56, 59)], 1.0, 1.0)
(3, [(56, 60), (57, 59), (57, 59)], 0.65, 0.71)
(3, [(58, 60), (59, 60), (58, 60)], 0.65, 0.71)
(3, [(59, 61), (60, 61), (60, 61)], 0.65, 0.71)
(2, [(61, 61), (61, 61)], 1.0, 1.0)
(2, [(60, 62), (60, 61)], 1.0, 0.0)
(4, [(61, 62), (63, 62), (62, 62), (62, 61)], 0.58, 0.31)
(3, [(63, 63), (63, 63), (63, 62)], 0.65, 0.71)
(4, [(63, 63), (65, 63), (64, 63), (64, 62)], 0.58, 0.31)
(3, [(53, 55), (54, 56), (53, 56)], 0.8, 0.23)
(3, [(56, 57), (57, 57), (56, 57)], 0.65, 0.71)
(3, [(57, 58), (58, 58), (57, 58)], 0.65, 0.71)
(3, [(58, 58), (59, 59), (58, 59)], 0.8, 0.23)
(2, [(59, 60), (60, 60)], 1.0, 0.0)
(2, [(59, 61), (59, 61)], 1.0, 1.0)
(3, [(61, 61), (61, 61), (60, 61)], 0.65, 0.71)
(3, [(62, 61), (62, 62), (62, 62)], 0.65, 0.71)
(4, [(62, 63), (63, 62), (64, 62), (63, 63)], 0.62, 0.37)
(3, [(55, 57), (56, 58), (55, 58)], 0.8, 0.23)
(3, [(56, 59), (57, 59), (56, 59)], 0.65, 0.71)
(3, [(56, 60), (57, 60), (56, 60)], 0.65, 0.71)
(3, [(57, 60), (58, 60), (57, 60)], 0.65, 0.71)
(1, [(57, 61)], 0.0, 1.0)
(2, [(58, 61), (58, 60)], 1.0, 0.0)
(3, [(65, 65), (66, 64), (65, 64)], 0.8, 0.23)
(3, [(66, 66), (67, 65), (66, 65)], 0.8, 0.23)
(3, [(67, 67), (67, 66), (67, 66)], 0.65, 0.71)
(3, [(68, 68), (68, 67), (68, 67)], 0.65, 0.71)
(3, [(69, 69), (69, 68), (69, 68)], 0.65, 0.71)
(3, [(71, 71), (71, 70), (71, 70)], 0.65, 0.71)
(3, [(72, 72), (72, 71), (72, 71)], 0.65, 0.71)
(3, [(73, 73), (73, 72), (73, 72)], 0.65, 0.71)
(3, [(74, 74), (74, 73), (74, 73)], 0.65, 0.71)
(3, [(75, 75), (75, 74), (75, 74)], 0.65, 0.71)
(3, [(76, 76), (76, 75), (76, 75)], 0.65, 0.71)
(3, [(77, 77), (77, 76), (77, 76)], 0.65, 0.71)
(3, [(78, 77), (78, 77), (78, 77)], 1.0, 1.0)
(3, [(79, 78), (79, 78), (79, 78)], 1.0, 1.0)
(3, [(80, 79), (80, 79), (80, 79)], 1.0, 1.0)
(3, [(81, 80), (81, 80), (81, 80)], 1.0, 1.0)
(3, [(82, 81), (82, 81), (82, 81)], 1.0, 1.0)
(3, [(83, 82), (83, 82), (83, 82)], 1.0, 1.0)
(3, [(84, 83), (84, 83), (84, 83)], 1.0, 1.0)
(1, [(85, 84)], 0.0, 1.0)
(1, [(85, 84)], 0.0, 1.0)
(1, [(85, 84)], 0.0, 1.0)
(3, [(86, 85), (86, 85), (86, 85)], 1.0, 1.0)
(3, [(87, 86), (87, 86), (87, 86)], 1.0, 1.0)
(3, [(88, 87), (88, 87), (88, 87)], 1.0, 1.0)
(3, [(89, 88), (89, 88), (89, 88)], 1.0, 1.0)
(4, [(43, 56), (46, 53), (46, 54), (45, 54)], 0.37, 0.61)
(4, [(44, 56), (47, 53), (46, 55), (45, 55)], 0.41, 0.57)
(4, [(46, 57), (48, 52), (47, 56), (46, 55)], 0.45, 0.57)
(4, [(47, 58), (49, 53), (48, 56), (47, 56)], 0.33, 0.58)
(4, [(48, 57), (49, 54), (48, 56), (48, 56)], 0.32, 0.7)
(3, [(48, 57), (48, 56), (48, 56)], 0.65, 0.71)
(3, [(48, 55), (48, 56), (48, 56)], 0.65, 0.71)
(4, [(49, 57), (49, 56), (50, 57), (49, 56)], 0.77, 0.61)
(3, [(52, 58), (52, 58), (52, 58)], 1.0, 1.0)
(3, [(52, 58), (52, 57), (52, 58)], 0.65, 0.71)
(4, [(53, 59), (53, 58), (54, 58), (53, 58)], 0.62, 0.55)
(4, [(54, 59), (55, 58), (55, 59), (54, 59)], 0.77, 0.61)
(4, [(55, 59), (55, 58), (55, 59), (54, 59)], 0.62, 0.55)
(2, [(56, 60), (57, 60)], 1.0, 0.0)
(4, [(57, 60), (57, 60), (58, 60), (57, 60)], 0.42, 0.76)
(4, [(58, 61), (59, 60), (59, 61), (58, 60)], 1.0, 0.0)
(4, [(60, 62), (60, 61), (60, 61), (59, 61)], 0.62, 0.55)
(4, [(62, 63), (63, 62), (63, 62), (62, 62)], 0.77, 0.61)
(4, [(64, 63), (64, 62), (64, 63), (63, 63)], 0.62, 0.55)
(4, [(64, 63), (64, 63), (64, 63), (64, 63)], 1.0, 1.0)
(3, [(43, 54), (44, 53), (44, 54)], 0.8, 0.23)
(4, [(42, 54), (43, 53), (44, 53), (42, 53)], 0.6, 0.45)
(1, [(41, 53)], 0.0, 1.0)
(4, [(41, 53), (42, 53), (42, 53), (41, 53)], 1.0, 1.0)
(3, [(41, 54), (42, 54), (42, 54)], 0.65, 0.71)
(4, [(42, 55), (43, 54), (44, 55), (43, 55)], 0.58, 0.31)
(3, [(44, 55), (44, 55), (44, 56)], 0.65, 0.71)
(4, [(45, 56), (46, 55), (47, 56), (46, 56)], 0.58, 0.31)
(4, [(46, 56), (47, 56), (48, 56), (47, 57)], 0.58, 0.31)
(4, [(48, 57), (48, 56), (49, 57), (48, 57)], 0.62, 0.55)
(4, [(49, 57), (50, 57), (51, 57), (50, 58)], 0.58, 0.31)
(4, [(50, 58), (51, 57), (52, 58), (51, 58)], 0.58, 0.31)
(4, [(52, 58), (52, 58), (53, 58), (52, 59)], 0.62, 0.55)
(4, [(53, 59), (53, 59), (55, 59), (54, 59)], 0.53, 0.72)
(4, [(53, 59), (54, 58), (54, 59), (54, 59)], 0.62, 0.55)
(4, [(54, 59), (55, 59), (56, 59), (55, 60)], 0.58, 0.31)
(4, [(56, 60), (56, 59), (57, 60), (56, 60)], 0.62, 0.55)
(4, [(57, 61), (58, 60), (58, 61), (58, 61)], 0.62, 0.55)
(3, [(59, 61), (60, 61), (59, 61)], 0.65, 0.71)
(3, [(60, 61), (61, 62), (60, 62)], 0.8, 0.23)
(3, [(61, 62), (62, 62), (62, 62)], 0.65, 0.71)
(4, [(51, 58), (54, 55), (54, 56), (53, 56)], 0.37, 0.61)
(4, [(56, 61), (57, 59), (59, 59), (57, 59)], 0.46, 0.62)
(4, [(57, 62), (59, 59), (60, 60), (59, 60)], 0.44, 0.58)
(4, [(60, 63), (61, 61), (62, 61), (61, 61)], 0.45, 0.68)
(4, [(61, 64), (62, 61), (64, 62), (62, 62)], 0.52, 0.49)
(3, [(63, 62), (65, 62), (64, 63)], 0.8, 0.23)
(3, [(64, 64), (65, 64), (64, 64)], 0.65, 0.71)
(1, [(64, 65)], 0.0, 1.0)
(3, [(64, 64), (64, 64), (64, 64)], 1.0, 1.0)
(2, [(64, 64), (64, 64)], 1.0, 1.0)
(3, [(51, 54), (50, 56), (50, 55)], 0.56, 0.45)
(1, [(52, 54)], 0.0, 1.0)
(4, [(51, 58), (54, 55), (52, 57), (52, 57)], 0.26, 0.7)
(4, [(52, 59), (55, 56), (54, 58), (53, 58)], 0.41, 0.57)
(4, [(53, 60), (56, 57), (55, 59), (54, 58)], 0.5, 0.39)
(3, [(57, 57), (56, 59), (56, 59)], 0.65, 0.71)
(1, [(58, 58)], 0.0, 1.0)
(4, [(57, 62), (60, 59), (59, 60), (58, 60)], 0.41, 0.57)
(4, [(58, 63), (61, 60), (60, 61), (59, 61)], 0.41, 0.57)
(4, [(60, 63), (62, 60), (61, 61), (61, 61)], 0.23, 0.68)
(4, [(61, 64), (63, 61), (63, 62), (62, 62)], 0.43, 0.57)
(4, [(62, 65), (64, 62), (64, 62), (63, 62)], 0.49, 0.71)
(4, [(51, 58), (54, 55), (53, 56), (52, 56)], 0.41, 0.57)
(3, [(55, 55), (54, 57), (53, 57)], 0.65, 0.51)
(1, [(56, 56)], 0.0, 1.0)
(1, [(57, 57)], 0.0, 1.0)
(2, [(58, 58), (58, 59)], 1.0, 0.0)
(2, [(57, 60), (57, 59)], 1.0, 0.0)
(4, [(58, 60), (59, 59), (59, 60), (58, 60)], 0.77, 0.61)
(4, [(60, 62), (61, 60), (61, 61), (61, 61)], 0.35, 0.66)
(4, [(61, 63), (62, 61), (62, 62), (62, 62)], 0.35, 0.66)
(4, [(63, 63), (64, 62), (64, 62), (63, 63)], 1.0, 1.0)
(4, [(63, 64), (64, 62), (64, 63), (64, 63)], 0.35, 0.66)
(4, [(64, 63), (64, 62), (65, 63), (64, 63)], 0.62, 0.55)
(4, [(64, 64), (64, 63), (64, 63), (64, 63)], 0.42, 0.76)
(4, [(53, 59), (55, 56), (54, 56), (53, 58)], 0.77, 0.63)
(4, [(55, 59), (56, 57), (56, 56), (54, 59)], 0.77, 0.63)
(4, [(55, 58), (56, 57), (55, 56), (54, 58)], 0.81, 0.32)
(3, [(55, 58), (56, 57), (54, 58)], 0.56, 0.45)
(3, [(55, 58), (55, 57), (54, 58)], 0.8, 0.23)
(3, [(50, 53), (51, 54), (50, 54)], 0.8, 0.23)
(3, [(50, 53), (50, 54), (49, 54)], 0.8, 0.23)
(3, [(47, 54), (48, 54), (48, 54)], 0.65, 0.71)
(3, [(48, 55), (48, 54), (48, 55)], 0.65, 0.71)
(2, [(51, 56), (50, 56)], 1.0, 0.0)
(2, [(49, 56), (49, 55)], 1.0, 0.0)
(4, [(50, 56), (50, 56), (52, 56), (51, 56)], 0.53, 0.72)
(4, [(51, 57), (52, 57), (53, 57), (52, 57)], 0.0, 0.65)
(2, [(53, 57), (54, 57)], 1.0, 0.0)
(2, [(53, 58), (53, 58)], 1.0, 1.0)
(2, [(54, 59), (55, 59)], 1.0, 0.0)
(2, [(54, 58), (55, 58)], 1.0, 0.0)
(3, [(56, 60), (56, 59), (56, 60)], 0.65, 0.71)
(3, [(59, 60), (59, 60), (59, 61)], 0.65, 0.71)
(3, [(60, 62), (60, 61), (60, 62)], 0.65, 0.71)
(4, [(61, 62), (61, 62), (62, 62), (62, 62)], 1.0, 1.0)
(3, [(63, 62), (63, 62), (63, 63)], 0.65, 0.71)
(3, [(70, 69), (70, 69), (70, 69)], 1.0, 1.0)
(3, [(75, 74), (76, 74), (75, 74)], 0.65, 0.71)
(3, [(76, 75), (76, 74), (76, 75)], 0.65, 0.71)
(3, [(77, 76), (77, 75), (77, 76)], 0.65, 0.71)
(3, [(78, 77), (78, 76), (78, 77)], 0.65, 0.71)
(2, [(79, 77), (80, 77)], 1.0, 0.0)
(2, [(79, 78), (79, 78)], 1.0, 1.0)
(2, [(80, 79), (80, 79)], 1.0, 1.0)
(2, [(80, 78), (81, 78)], 1.0, 0.0)
(2, [(81, 80), (81, 80)], 1.0, 1.0)
(2, [(81, 79), (82, 79)], 1.0, 0.0)
(2, [(82, 80), (83, 80)], 1.0, 0.0)
(2, [(82, 81), (82, 81)], 1.0, 1.0)
(2, [(83, 82), (83, 82)], 1.0, 1.0)
(2, [(83, 81), (84, 81)], 1.0, 0.0)
(3, [(84, 83), (84, 82), (84, 83)], 0.65, 0.71)
(1, [(85, 82)], 0.0, 1.0)
(4, [(52, 59), (54, 57), (55, 57), (54, 57)], 0.4, 0.71)
(2, [(54, 60), (54, 58)], 1.0, 0.0)
(2, [(56, 58), (55, 58)], 1.0, 0.0)
(3, [(57, 59), (58, 59), (57, 59)], 0.65, 0.71)
(3, [(61, 60), (62, 61), (61, 61)], 0.8, 0.23)
(3, [(62, 61), (63, 62), (62, 62)], 0.8, 0.23)
(3, [(64, 61), (65, 62), (64, 62)], 0.8, 0.23)
(3, [(56, 60), (57, 58), (56, 59)], 0.56, 0.45)
(1, [(59, 58)], 0.0, 1.0)
(2, [(60, 59), (59, 59)], 1.0, 0.0)
(2, [(59, 61), (58, 61)], 1.0, 0.0)
(3, [(61, 60), (60, 60), (60, 61)], 0.8, 0.23)
(3, [(62, 63), (63, 61), (62, 62)], 0.56, 0.45)
(3, [(63, 64), (64, 62), (63, 63)], 0.56, 0.45)
(3, [(64, 63), (64, 62), (63, 63)], 0.8, 0.23)
(3, [(54, 58), (55, 58), (54, 58)], 0.65, 0.71)
(3, [(55, 59), (55, 59), (55, 59)], 1.0, 1.0)
(3, [(57, 59), (57, 59), (56, 59)], 0.65, 0.71)
(4, [(57, 61), (58, 60), (59, 60), (57, 60)], 0.6, 0.45)
(2, [(59, 61), (60, 61)], 1.0, 0.0)
(2, [(59, 60), (58, 60)], 1.0, 0.0)
(4, [(62, 63), (63, 62), (64, 63), (62, 62)], 0.7, 0.42)
(4, [(54, 60), (55, 58), (56, 58), (55, 58)], 0.45, 0.68)
(3, [(55, 60), (57, 59), (56, 59)], 0.56, 0.45)
(4, [(56, 61), (57, 59), (58, 59), (57, 59)], 0.45, 0.68)
(4, [(58, 63), (60, 60), (61, 61), (60, 61)], 0.44, 0.58)
(4, [(62, 65), (64, 61), (65, 62), (64, 62)], 0.44, 0.62)
(3, [(63, 64), (65, 63), (64, 64)], 0.56, 0.45)
(3, [(64, 65), (65, 63), (64, 64)], 0.56, 0.45)
(3, [(65, 64), (65, 63), (64, 64)], 0.8, 0.23)
(1, [(54, 54)], 0.0, 1.0)
(1, [(55, 54)], 0.0, 1.0)
(2, [(56, 55), (56, 57)], 1.0, 0.0)
(2, [(54, 59), (55, 58)], 1.0, 0.0)
(3, [(55, 57), (56, 57), (55, 57)], 0.65, 0.71)
(3, [(55, 58), (55, 57), (55, 57)], 0.65, 0.71)
(2, [(57, 57), (57, 58)], 1.0, 0.0)
(2, [(56, 58), (56, 58)], 1.0, 1.0)
(3, [(57, 59), (58, 58), (58, 59)], 0.8, 0.23)
(2, [(58, 59), (59, 59)], 1.0, 0.0)
(2, [(58, 60), (59, 60)], 1.0, 0.0)
(2, [(60, 60), (60, 60)], 1.0, 1.0)
(4, [(61, 61), (61, 61), (61, 61), (61, 61)], 1.0, 1.0)
(2, [(62, 62), (62, 62)], 1.0, 1.0)
(2, [(62, 61), (63, 61)], 1.0, 0.0)
(2, [(63, 63), (63, 62)], 1.0, 0.0)
(2, [(55, 56), (56, 57)], 1.0, 0.0)
(2, [(52, 59), (54, 57)], 1.0, 0.0)
(2, [(53, 57), (53, 57)], 1.0, 1.0)
(3, [(53, 57), (54, 57), (53, 57)], 0.65, 0.71)
(4, [(53, 57), (54, 56), (54, 57), (53, 57)], 0.77, 0.61)
(4, [(52, 57), (54, 55), (53, 56), (53, 56)], 0.0, 0.65)
(3, [(52, 57), (54, 55), (53, 56)], 0.29, 0.42)
(3, [(52, 56), (53, 54), (52, 55)], 0.56, 0.45)
(3, [(52, 57), (54, 55), (53, 55)], 0.65, 0.51)
(3, [(53, 57), (55, 56), (54, 55)], 0.83, 0.31)
(3, [(54, 58), (56, 56), (55, 56)], 0.65, 0.51)
(3, [(55, 59), (57, 57), (56, 57)], 0.65, 0.51)
(3, [(58, 60), (60, 59), (58, 59)], 0.74, 0.44)
(3, [(59, 61), (61, 60), (60, 59)], 0.83, 0.31)
(3, [(60, 62), (62, 61), (61, 60)], 0.83, 0.31)
(3, [(62, 62), (63, 61), (62, 61)], 0.8, 0.23)
(3, [(63, 63), (64, 62), (63, 62)], 0.8, 0.23)
(3, [(63, 64), (64, 63), (64, 63)], 0.65, 0.71)
(3, [(63, 64), (64, 62), (64, 63)], 0.56, 0.45)
(4, [(51, 58), (54, 54), (53, 55), (53, 56)], 0.34, 0.61)
(1, [(56, 55)], 0.0, 1.0)
(1, [(57, 56)], 0.0, 1.0)
(3, [(56, 59), (57, 57), (56, 59)], 0.65, 0.71)
(3, [(58, 61), (59, 60), (59, 60)], 0.65, 0.71)
(3, [(59, 61), (60, 60), (60, 61)], 0.8, 0.23)
(1, [(63, 61)], 0.0, 1.0)
(4, [(50, 57), (53, 55), (53, 55), (52, 55)], 0.44, 0.73)
(3, [(53, 56), (54, 56), (53, 56)], 0.65, 0.71)
(4, [(54, 60), (54, 58), (56, 58), (55, 58)], 0.62, 0.47)
(4, [(55, 60), (55, 58), (57, 59), (56, 59)], 0.57, 0.32)
(3, [(59, 60), (61, 61), (60, 61)], 0.56, 0.45)
(4, [(60, 63), (61, 60), (62, 61), (61, 61)], 0.45, 0.54)
(4, [(61, 64), (62, 61), (63, 62), (62, 62)], 0.45, 0.54)
(3, [(63, 61), (65, 62), (64, 62)], 0.56, 0.45)
(3, [(63, 65), (64, 64), (63, 64)], 0.8, 0.23)
(3, [(63, 65), (64, 65), (63, 64)], 0.8, 0.23)
(3, [(63, 64), (64, 64), (63, 63)], 0.8, 0.23)
(4, [(55, 60), (56, 58), (57, 58), (56, 59)], 0.47, 0.51)
(4, [(59, 62), (60, 60), (61, 60), (60, 61)], 0.47, 0.51)
(3, [(62, 61), (64, 62), (62, 62)], 0.74, 0.44)
(4, [(62, 64), (64, 62), (65, 62), (64, 63)], 0.43, 0.57)
(3, [(64, 63), (65, 62), (64, 62)], 0.8, 0.23)
(4, [(45, 56), (48, 53), (48, 54), (47, 54)], 0.37, 0.61)
(3, [(46, 53), (47, 54), (46, 54)], 0.8, 0.23)
(3, [(44, 53), (45, 53), (44, 53)], 0.65, 0.71)
(3, [(43, 54), (44, 54), (43, 54)], 0.65, 0.71)
(3, [(44, 55), (44, 54), (44, 55)], 0.65, 0.71)
(2, [(47, 55), (46, 55)], 1.0, 0.0)
(2, [(45, 56), (45, 55)], 1.0, 0.0)
(2, [(46, 56), (47, 56)], 1.0, 0.0)
(2, [(47, 55), (48, 56)], 1.0, 0.0)
(2, [(48, 57), (49, 57)], 1.0, 0.0)
(2, [(48, 56), (48, 56)], 1.0, 1.0)
(2, [(51, 57), (50, 57)], 1.0, 0.0)
(2, [(49, 57), (49, 56)], 1.0, 0.0)
(3, [(52, 58), (53, 58), (52, 58)], 0.65, 0.71)
(2, [(53, 59), (53, 58)], 1.0, 0.0)
(2, [(55, 59), (54, 59)], 1.0, 0.0)
(3, [(54, 59), (55, 58), (55, 59)], 0.8, 0.23)
(2, [(60, 61), (59, 61)], 1.0, 0.0)
(3, [(59, 62), (61, 62), (60, 61)], 0.8, 0.23)
(3, [(62, 63), (63, 63), (63, 62)], 0.8, 0.23)
(3, [(63, 63), (64, 63), (63, 63)], 0.65, 0.71)
(3, [(63, 62), (65, 62), (64, 62)], 0.29, 0.42)
(2, [(66, 64), (65, 63)], 1.0, 0.0)
(2, [(67, 65), (66, 64)], 1.0, 0.0)
(2, [(68, 66), (67, 65)], 1.0, 0.0)
(2, [(69, 67), (68, 66)], 1.0, 0.0)
(2, [(70, 68), (69, 67)], 1.0, 0.0)
(2, [(71, 69), (70, 68)], 1.0, 0.0)
(2, [(72, 70), (71, 69)], 1.0, 0.0)
(2, [(73, 71), (72, 70)], 1.0, 0.0)
(2, [(74, 72), (73, 71)], 1.0, 0.0)
(2, [(75, 73), (74, 72)], 1.0, 0.0)
(2, [(76, 74), (75, 73)], 1.0, 0.0)
(2, [(77, 75), (76, 74)], 1.0, 0.0)
(2, [(78, 76), (77, 75)], 1.0, 0.0)
(4, [(48, 58), (51, 55), (52, 56), (50, 56)], 0.45, 0.56)
(4, [(48, 58), (51, 55), (51, 56), (50, 56)], 0.37, 0.61)
(3, [(49, 55), (49, 56), (49, 56)], 0.65, 0.71)
(4, [(47, 55), (48, 55), (48, 55), (48, 55)], 0.42, 0.76)
(2, [(46, 55), (47, 55)], 1.0, 0.0)
(2, [(47, 54), (47, 54)], 1.0, 1.0)
(3, [(46, 54), (46, 54), (46, 54)], 1.0, 1.0)
(2, [(46, 55), (46, 55)], 1.0, 1.0)
(2, [(48, 54), (47, 54)], 1.0, 0.0)
(4, [(47, 56), (49, 54), (48, 54), (47, 56)], 0.84, 0.78)
(3, [(48, 57), (50, 55), (49, 56)], 0.29, 0.42)
(3, [(49, 57), (51, 56), (50, 57)], 0.56, 0.45)
(3, [(51, 58), (53, 56), (51, 57)], 0.65, 0.51)
(3, [(52, 58), (54, 57), (53, 58)], 0.56, 0.45)
(3, [(55, 59), (56, 58), (55, 59)], 0.65, 0.71)
(3, [(56, 60), (58, 59), (56, 60)], 0.65, 0.71)
(3, [(51, 55), (52, 55), (51, 55)], 0.65, 0.71)
(3, [(51, 56), (51, 55), (51, 55)], 0.65, 0.71)
(3, [(50, 54), (51, 54), (50, 54)], 0.65, 0.71)
(3, [(51, 56), (51, 54), (51, 55)], 0.29, 0.42)
(3, [(53, 57), (54, 55), (53, 57)], 0.65, 0.71)
(3, [(59, 60), (60, 61), (59, 61)], 0.8, 0.23)
(2, [(58, 61), (59, 61)], 1.0, 0.0)
(2, [(59, 60), (60, 61)], 1.0, 0.0)
(3, [(58, 61), (60, 61), (59, 61)], 0.29, 0.42)
(4, [(58, 61), (59, 60), (60, 61), (59, 61)], 0.58, 0.31)
(2, [(60, 62), (60, 62)], 1.0, 1.0)
(2, [(61, 62), (62, 62)], 1.0, 0.0)
(2, [(62, 63), (63, 63)], 1.0, 0.0)
(2, [(63, 63), (64, 63)], 1.0, 0.0)
(3, [(54, 59), (56, 58), (55, 58)], 0.56, 0.45)
(4, [(58, 61), (58, 60), (59, 60), (59, 61)], 1.0, 0.0)
(2, [(59, 62), (60, 62)], 1.0, 0.0)
(2, [(61, 63), (61, 62)], 1.0, 0.0)
(4, [(61, 63), (62, 61), (64, 62), (62, 62)], 0.49, 0.45)
(4, [(62, 64), (63, 62), (65, 62), (64, 63)], 0.56, 0.41)
(3, [(57, 59), (59, 59), (57, 59)], 0.65, 0.71)
(4, [(58, 61), (58, 60), (59, 60), (58, 61)], 0.77, 0.61)
(4, [(60, 62), (61, 61), (62, 61), (61, 62)], 0.62, 0.37)
(4, [(62, 63), (62, 62), (63, 62), (62, 62)], 0.62, 0.55)
(4, [(63, 63), (63, 62), (64, 63), (64, 63)], 0.77, 0.61)
(4, [(52, 57), (54, 56), (54, 57), (53, 56)], 0.7, 0.42)
(4, [(53, 56), (55, 57), (53, 57), (54, 57)], 0.6, 0.45)
(4, [(53, 56), (55, 55), (53, 57), (53, 56)], 0.45, 0.68)
(4, [(52, 55), (54, 54), (52, 56), (53, 55)], 0.47, 0.51)
(3, [(53, 54), (55, 55), (53, 55)], 0.74, 0.44)
(3, [(55, 55), (56, 56), (54, 55)], 0.56, 0.45)
(3, [(56, 56), (58, 57), (55, 55)], 0.47, 0.5)
(2, [(57, 57), (59, 58)], 1.0, 0.0)
(2, [(58, 58), (60, 58)], 1.0, 0.0)
(2, [(59, 59), (61, 59)], 1.0, 0.0)
(2, [(60, 60), (62, 60)], 1.0, 0.0)
(2, [(61, 61), (63, 61)], 1.0, 0.0)
(2, [(62, 62), (64, 62)], 1.0, 0.0)
(2, [(63, 62), (65, 62)], 1.0, 0.0)
(2, [(65, 63), (65, 63)], 1.0, 1.0)
(4, [(55, 60), (55, 58), (56, 59), (55, 59)], 0.58, 0.31)
(2, [(66, 63), (65, 63)], 1.0, 0.0)
(2, [(66, 63), (66, 63)], 1.0, 1.0)
(2, [(67, 64), (67, 64)], 1.0, 1.0)
(2, [(68, 65), (68, 65)], 1.0, 1.0)
(2, [(69, 66), (69, 66)], 1.0, 1.0)
(2, [(70, 67), (70, 67)], 1.0, 1.0)
(2, [(71, 68), (71, 68)], 1.0, 1.0)
(2, [(72, 69), (72, 69)], 1.0, 1.0)
(2, [(73, 70), (73, 70)], 1.0, 1.0)
(2, [(75, 71), (74, 71)], 1.0, 0.0)
(2, [(76, 72), (75, 72)], 1.0, 0.0)
(2, [(77, 73), (76, 72)], 1.0, 0.0)
(2, [(78, 74), (77, 73)], 1.0, 0.0)
(2, [(79, 75), (78, 74)], 1.0, 0.0)
(2, [(80, 76), (79, 75)], 1.0, 0.0)
(2, [(81, 77), (80, 76)], 1.0, 0.0)
(2, [(82, 78), (81, 77)], 1.0, 0.0)
(2, [(83, 79), (82, 78)], 1.0, 0.0)
(2, [(84, 79), (83, 79)], 1.0, 0.0)
(2, [(85, 80), (84, 80)], 1.0, 0.0)
(2, [(86, 81), (85, 81)], 1.0, 0.0)
(2, [(87, 82), (86, 82)], 1.0, 0.0)
(2, [(88, 83), (87, 83)], 1.0, 0.0)
(4, [(55, 60), (55, 59), (57, 59), (56, 59)], 0.6, 0.45)
(3, [(60, 60), (62, 61), (61, 61)], 0.56, 0.45)
(4, [(63, 64), (64, 63), (65, 64), (64, 64)], 0.58, 0.31)
(3, [(62, 64), (64, 64), (63, 64)], 0.29, 0.42)
(2, [(62, 64), (63, 64)], 1.0, 0.0)
(2, [(62, 64), (62, 64)], 1.0, 1.0)
(2, [(61, 64), (61, 64)], 1.0, 1.0)
(2, [(60, 64), (60, 64)], 1.0, 1.0)
(1, [(60, 64)], 0.0, 1.0)
(3, [(54, 59), (54, 58), (53, 58)], 0.8, 0.23)
(4, [(55, 59), (56, 57), (55, 59), (55, 58)], 0.53, 0.71)
(4, [(56, 60), (57, 58), (57, 59), (56, 59)], 0.62, 0.37)
(3, [(59, 61), (59, 61), (58, 60)], 0.65, 0.71)
(3, [(60, 62), (60, 61), (60, 61)], 0.65, 0.71)
(4, [(62, 63), (63, 61), (63, 62), (62, 62)], 0.62, 0.37)
(3, [(65, 62), (64, 63), (64, 63)], 0.65, 0.71)
(3, [(70, 70), (70, 68), (71, 69)], 0.8, 0.23)
(3, [(71, 71), (71, 69), (72, 70)], 0.8, 0.23)
(3, [(72, 72), (72, 70), (73, 71)], 0.8, 0.23)
(3, [(73, 73), (73, 71), (74, 72)], 0.8, 0.23)
(3, [(74, 74), (74, 72), (75, 73)], 0.8, 0.23)
(3, [(75, 75), (75, 73), (76, 74)], 0.8, 0.23)
(3, [(76, 76), (76, 74), (77, 75)], 0.8, 0.23)
(3, [(77, 77), (77, 75), (78, 76)], 0.8, 0.23)
(3, [(78, 78), (78, 76), (79, 77)], 0.8, 0.23)
(3, [(79, 79), (79, 77), (80, 78)], 0.8, 0.23)
(3, [(80, 80), (80, 78), (81, 79)], 0.8, 0.23)
(3, [(55, 56), (55, 57), (54, 57)], 0.8, 0.23)
(3, [(56, 57), (56, 57), (56, 57)], 1.0, 1.0)
(3, [(57, 57), (58, 58), (57, 58)], 0.8, 0.23)
(3, [(58, 62), (60, 60), (60, 60)], 0.65, 0.71)
(3, [(62, 61), (63, 61), (61, 61)], 0.29, 0.42)
(3, [(62, 63), (62, 62), (61, 62)], 0.8, 0.23)
(4, [(54, 59), (55, 57), (55, 58), (54, 58)], 0.62, 0.37)
(4, [(54, 59), (54, 57), (55, 58), (54, 58)], 0.58, 0.31)
(3, [(54, 59), (55, 58), (54, 58)], 0.8, 0.23)
(2, [(53, 57), (53, 58)], 1.0, 0.0)
(2, [(53, 59), (54, 58)], 1.0, 0.0)
(2, [(55, 60), (54, 60)], 1.0, 0.0)
(2, [(58, 61), (57, 61)], 1.0, 0.0)
(2, [(59, 62), (58, 61)], 1.0, 0.0)
(2, [(62, 63), (61, 62)], 1.0, 0.0)
(4, [(56, 61), (57, 59), (59, 59), (58, 59)], 0.53, 0.56)
(4, [(59, 61), (60, 60), (61, 61), (60, 61)], 0.58, 0.31)
(3, [(59, 61), (61, 61), (60, 61)], 0.29, 0.42)
(3, [(61, 62), (62, 61), (61, 62)], 0.65, 0.71)
(1, [(66, 63)], 0.0, 1.0)
(3, [(65, 63), (66, 63), (65, 63)], 0.65, 0.71)
(3, [(65, 64), (65, 63), (65, 63)], 0.65, 0.71)
(1, [(74, 71)], 0.0, 1.0)
(1, [(75, 72)], 0.0, 1.0)
(1, [(76, 73)], 0.0, 1.0)
(1, [(77, 74)], 0.0, 1.0)
(1, [(78, 75)], 0.0, 1.0)
(1, [(79, 76)], 0.0, 1.0)
(1, [(80, 77)], 0.0, 1.0)
(1, [(81, 78)], 0.0, 1.0)
(1, [(82, 79)], 0.0, 1.0)
(1, [(83, 80)], 0.0, 1.0)
(1, [(84, 81)], 0.0, 1.0)
(1, [(86, 84)], 0.0, 1.0)
(1, [(87, 85)], 0.0, 1.0)
(4, [(62, 65), (63, 61), (65, 63), (64, 62)], 0.63, 0.49)
(3, [(51, 54), (51, 54), (50, 54)], 0.65, 0.71)
(2, [(52, 54), (52, 55)], 1.0, 0.0)
(2, [(51, 55), (51, 55)], 1.0, 1.0)
(3, [(52, 56), (53, 56), (52, 55)], 0.8, 0.23)
(2, [(53, 55), (53, 56)], 1.0, 0.0)
(2, [(52, 56), (52, 56)], 1.0, 1.0)
(2, [(55, 58), (56, 58)], 1.0, 0.0)
(2, [(55, 57), (55, 57)], 1.0, 1.0)
(2, [(57, 58), (57, 58)], 1.0, 1.0)
(2, [(57, 59), (57, 59)], 1.0, 1.0)
(2, [(59, 59), (58, 59)], 1.0, 0.0)
(2, [(60, 61), (60, 61)], 1.0, 1.0)
(3, [(62, 62), (62, 61), (62, 62)], 0.65, 0.71)
(3, [(50, 54), (51, 55), (50, 55)], 0.8, 0.23)
(3, [(49, 54), (50, 55), (49, 55)], 0.8, 0.23)
(3, [(48, 56), (49, 54), (49, 55)], 0.56, 0.45)
(3, [(51, 57), (52, 56), (51, 56)], 0.8, 0.23)
(3, [(52, 58), (53, 56), (52, 57)], 0.56, 0.45)
(3, [(57, 60), (58, 59), (57, 59)], 0.8, 0.23)
(3, [(61, 62), (62, 61), (61, 61)], 0.8, 0.23)
(3, [(62, 63), (63, 62), (62, 62)], 0.8, 0.23)
(3, [(42, 53), (43, 53), (42, 53)], 0.65, 0.71)
(4, [(44, 55), (45, 55), (46, 55), (45, 55)], 0.0, 0.65)
(3, [(46, 56), (47, 56), (47, 56)], 0.65, 0.71)
(4, [(47, 56), (47, 56), (49, 56), (48, 56)], 0.53, 0.72)
(4, [(52, 59), (53, 58), (54, 59), (53, 58)], 0.62, 0.55)
(3, [(54, 59), (55, 59), (54, 59)], 0.65, 0.71)
(2, [(55, 60), (55, 59)], 1.0, 0.0)
(3, [(59, 61), (59, 60), (59, 61)], 0.65, 0.71)
(3, [(65, 64), (65, 64), (65, 64)], 1.0, 1.0)
(3, [(66, 65), (66, 65), (66, 65)], 1.0, 1.0)
(3, [(67, 66), (67, 66), (67, 66)], 1.0, 1.0)
(3, [(68, 67), (68, 67), (68, 67)], 1.0, 1.0)
(3, [(69, 68), (69, 68), (69, 68)], 1.0, 1.0)
(3, [(71, 70), (71, 70), (71, 70)], 1.0, 1.0)
(3, [(72, 71), (72, 71), (72, 71)], 1.0, 1.0)
(3, [(73, 72), (73, 72), (73, 72)], 1.0, 1.0)
(3, [(74, 73), (74, 73), (74, 73)], 1.0, 1.0)
(3, [(75, 74), (75, 74), (75, 74)], 1.0, 1.0)
(3, [(75, 75), (76, 75), (76, 75)], 0.65, 0.71)
(3, [(76, 76), (77, 76), (77, 76)], 0.65, 0.71)
(3, [(60, 60), (61, 60), (60, 61)], 0.8, 0.23)
(3, [(56, 58), (57, 58), (56, 59)], 0.8, 0.23)
(4, [(62, 64), (63, 62), (65, 63), (64, 63)], 0.6, 0.45)
(3, [(54, 58), (54, 58), (54, 58)], 1.0, 1.0)
(2, [(63, 62), (64, 62)], 1.0, 0.0)
(3, [(64, 63), (64, 62), (64, 63)], 0.65, 0.71)
