(8, [(55, 64), (56, 64), (56, 65), (55, 65), (53, 64), (54, 65), (57, 65), (57, 64)], 0.52, 0.43)
(1, [(54, 63)], 0.0, 1.0)
(1, [(55, 63)], 0.0, 1.0)
(1, [(55, 64)], 0.0, 1.0)
(1, [(54, 64)], 0.0, 1.0)
(1, [(53, 63)], 0.0, 1.0)
(1, [(53, 64)], 0.0, 1.0)
(1, [(56, 64)], 0.0, 1.0)
(1, [(56, 63)], 0.0, 1.0)
(1, [(55, 62)], 0.0, 1.0)
(7, [(54, 63), (55, 60), (55, 64), (54, 64), (53, 64), (55, 63), (55, 63)], 0.3, 0.62)
(1, [(55, 60)], 0.0, 1.0)
(5, [(54, 63), (55, 63), (54, 64), (53, 64), (55, 63)], 0.64, 0.62)
(4, [(54, 63), (55, 63), (54, 64), (53, 64)], 0.62, 0.37)
(2, [(54, 64), (53, 64)], 1.0, 0.0)
(2, [(54, 63), (55, 63)], 1.0, 0.0)
(3, [(55, 63), (54, 64), (53, 64)], 0.56, 0.45)
(1, [(54, 62)], 0.0, 1.0)
(3, [(55, 64), (56, 64), (55, 65)], 0.8, 0.23)
(3, [(56, 65), (57, 65), (57, 64)], 0.8, 0.23)
(1, [(54, 65)], 0.0, 1.0)
(8, [(55, 64), (56, 64), (56, 65), (55, 65), (53, 64), (54, 65), (58, 65), (57, 64)], 0.45, 0.43)
(1, [(56, 65)], 0.0, 1.0)
(1, [(55, 65)], 0.0, 1.0)
(1, [(57, 64)], 0.0, 1.0)
(3, [(55, 64), (54, 64), (54, 64)], 0.65, 0.71)
(3, [(56, 65), (55, 65), (56, 64)], 0.8, 0.23)
(1, [(55, 61)], 0.0, 1.0)
(4, [(55, 64), (56, 65), (55, 65), (56, 63)], 0.7, 0.42)
(2, [(54, 64), (54, 64)], 1.0, 1.0)
(6, [(55, 64), (56, 65), (55, 65), (54, 64), (54, 64), (56, 63)], 0.56, 0.52)
(5, [(55, 64), (56, 65), (55, 65), (54, 64), (56, 63)], 0.59, 0.36)
(4, [(55, 63), (56, 63), (55, 64), (54, 63)], 0.58, 0.31)
(1, [(56, 62)], 0.0, 1.0)
(2, [(55, 62), (55, 63)], 1.0, 0.0)
(1, [(56, 61)], 0.0, 1.0)
(1, [(57, 60)], 0.0, 1.0)
(2, [(55, 64), (56, 64)], 1.0, 0.0)
(2, [(55, 65), (54, 65)], 1.0, 0.0)
(8, [(54, 63), (55, 63), (55, 64), (54, 64), (53, 63), (53, 64), (56, 64), (56, 63)], 0.62, 0.17)
(8, [(54, 63), (55, 62), (55, 63), (53, 64), (53, 63), (52, 63), (56, 63), (55, 62)], 0.56, 0.54)
(7, [(54, 63), (55, 62), (56, 62), (52, 64), (52, 63), (56, 62), (55, 62)], 0.52, 0.79)
(1, [(52, 64)], 0.0, 1.0)
(1, [(52, 63)], 0.0, 1.0)
(2, [(52, 64), (52, 63)], 1.0, 0.0)
(3, [(55, 62), (56, 62), (56, 62)], 0.65, 0.71)
(2, [(54, 63), (55, 62)], 1.0, 0.0)
(2, [(56, 62), (56, 62)], 1.0, 1.0)
(4, [(54, 63), (56, 62), (52, 64), (52, 63)], 0.52, 0.59)
(3, [(54, 63), (52, 64), (52, 63)], 0.74, 0.44)
(1, [(53, 62)], 0.0, 1.0)
(2, [(52, 63), (53, 62)], 1.0, 0.0)
(1, [(57, 65)], 0.0, 1.0)
(1, [(58, 64)], 0.0, 1.0)
(4, [(55, 63), (55, 64), (55, 64), (54, 64)], 0.62, 0.55)
(7, [(55, 63), (55, 64), (55, 64), (55, 65), (54, 64), (54, 65), (56, 64)], 0.5, 0.32)
(7, [(55, 63), (55, 64), (55, 64), (55, 65), (54, 64), (54, 64), (56, 64)], 0.48, 0.57)
(3, [(55, 64), (55, 64), (55, 65)], 0.65, 0.71)
(5, [(55, 64), (55, 64), (55, 65), (54, 64), (56, 64)], 0.42, 0.5)
(2, [(56, 64), (56, 63)], 1.0, 0.0)
(5, [(55, 64), (57, 63), (54, 64), (54, 64), (56, 63)], 0.6, 0.73)
(4, [(55, 64), (57, 63), (54, 64), (54, 64)], 0.4, 0.73)
(1, [(57, 63)], 0.0, 1.0)
(3, [(55, 63), (57, 63), (54, 64)], 0.56, 0.45)
(3, [(55, 62), (56, 63), (55, 63)], 0.8, 0.23)
(2, [(58, 64), (57, 64)], 1.0, 0.0)
(3, [(55, 64), (55, 65), (54, 65)], 0.8, 0.23)
(2, [(56, 64), (56, 65)], 1.0, 0.0)
(7, [(55, 64), (56, 64), (56, 65), (55, 65), (53, 64), (54, 65), (58, 64)], 0.4, 0.5)
(6, [(55, 64), (56, 64), (56, 65), (55, 65), (53, 64), (58, 64)], 0.35, 0.47)
(6, [(55, 64), (56, 63), (55, 64), (55, 65), (54, 64), (56, 64)], 0.42, 0.49)
(4, [(55, 64), (55, 64), (54, 64), (56, 64)], 0.0, 0.65)
(3, [(55, 64), (55, 64), (54, 64)], 0.65, 0.71)
(2, [(55, 65), (56, 64)], 1.0, 0.0)
(3, [(56, 63), (54, 63), (54, 63)], 0.65, 0.71)
(3, [(55, 63), (54, 61), (54, 63)], 0.74, 0.44)
(1, [(54, 61)], 0.0, 1.0)
(2, [(55, 61), (54, 62)], 1.0, 0.0)
(3, [(55, 65), (56, 65), (56, 64)], 0.8, 0.23)
(3, [(55, 63), (55, 64), (55, 64)], 0.65, 0.71)
(8, [(55, 63), (55, 64), (56, 64), (55, 65), (54, 63), (54, 64), (56, 65), (56, 64)], 0.61, 0.35)
(6, [(55, 63), (56, 64), (54, 65), (54, 63), (54, 64), (56, 64)], 0.81, 0.54)
(5, [(55, 63), (56, 64), (54, 65), (54, 64), (56, 64)], 0.85, 0.59)
(4, [(56, 64), (54, 64), (54, 64), (56, 64)], 1.0, 1.0)
(3, [(55, 62), (54, 64), (55, 64)], 0.74, 0.44)
(3, [(54, 63), (55, 63), (56, 64)], 0.56, 0.45)
(3, [(55, 63), (55, 62), (55, 63)], 0.65, 0.71)
(2, [(55, 63), (55, 62)], 1.0, 0.0)
(2, [(55, 62), (55, 60)], 1.0, 0.0)
(1, [(58, 65)], 0.0, 1.0)
(3, [(56, 65), (57, 64), (56, 64)], 0.8, 0.23)
(2, [(55, 63), (55, 64)], 1.0, 0.0)
(4, [(55, 63), (55, 64), (54, 64), (54, 64)], 0.77, 0.61)
(2, [(57, 64), (56, 64)], 1.0, 0.0)
(2, [(55, 64), (55, 65)], 1.0, 0.0)
(7, [(55, 63), (55, 64), (56, 65), (55, 65), (54, 64), (54, 64), (57, 64)], 0.58, 0.52)
(6, [(55, 62), (55, 63), (55, 64), (55, 63), (54, 63), (56, 64)], 0.42, 0.49)
(5, [(55, 63), (55, 64), (55, 63), (54, 63), (56, 64)], 0.55, 0.56)
(5, [(55, 63), (55, 64), (55, 63), (54, 63), (56, 63)], 0.42, 0.5)
(4, [(56, 63), (54, 64), (55, 63), (54, 63)], 0.6, 0.45)
(4, [(56, 63), (55, 64), (55, 63), (54, 63)], 0.58, 0.31)
(3, [(56, 63), (55, 64), (55, 63)], 0.8, 0.23)
(2, [(54, 64), (54, 63)], 1.0, 0.0)
(2, [(56, 63), (55, 63)], 1.0, 0.0)
(2, [(54, 63), (54, 62)], 1.0, 0.0)
(3, [(56, 63), (56, 64), (55, 63)], 0.8, 0.23)
(2, [(55, 63), (54, 62)], 1.0, 0.0)
(2, [(56, 63), (56, 64)], 1.0, 0.0)
(4, [(56, 63), (56, 64), (55, 63), (54, 62)], 0.47, 0.51)
(8, [(55, 63), (55, 64), (56, 64), (55, 65), (54, 64), (54, 65), (56, 64), (56, 64)], 0.64, 0.43)
(7, [(55, 64), (56, 64), (55, 65), (54, 64), (54, 65), (56, 64), (56, 64)], 0.66, 0.51)
(2, [(56, 64), (56, 64)], 1.0, 1.0)
(2, [(55, 64), (54, 64)], 1.0, 0.0)
(4, [(56, 64), (55, 64), (54, 63), (56, 64)], 0.53, 0.71)
(3, [(55, 64), (55, 63), (56, 64)], 0.8, 0.23)
(3, [(55, 64), (55, 63), (54, 62)], 0.56, 0.45)
(2, [(55, 64), (55, 63)], 1.0, 0.0)
(8, [(55, 63), (55, 64), (56, 65), (55, 65), (54, 64), (54, 65), (56, 64), (56, 64)], 0.67, 0.28)
(2, [(54, 64), (54, 65)], 1.0, 0.0)
(3, [(56, 65), (56, 63), (56, 64)], 0.29, 0.42)
(2, [(55, 64), (55, 64)], 1.0, 1.0)
(5, [(55, 64), (56, 65), (55, 64), (54, 65), (56, 63)], 0.42, 0.5)
(4, [(55, 64), (56, 65), (55, 64), (54, 64)], 0.35, 0.66)
(4, [(55, 64), (55, 64), (54, 64), (56, 63)], 0.35, 0.66)
(3, [(55, 64), (56, 64), (54, 64)], 0.29, 0.42)
(4, [(55, 64), (56, 64), (54, 64), (54, 63)], 0.6, 0.45)
(2, [(56, 64), (55, 64)], 1.0, 0.0)
(4, [(55, 64), (56, 64), (56, 65), (55, 65)], 1.0, 0.0)
(2, [(53, 64), (54, 65)], 1.0, 0.0)
(8, [(55, 64), (56, 64), (56, 65), (55, 65), (53, 64), (54, 65), (58, 64), (57, 64)], 0.46, 0.46)
(6, [(55, 63), (55, 64), (55, 65), (55, 64), (54, 65), (56, 64)], 0.42, 0.49)
(5, [(56, 63), (55, 64), (55, 64), (55, 64), (56, 63)], 0.8, 1.0)
(2, [(58, 65), (57, 64)], 1.0, 0.0)
(3, [(56, 65), (55, 65), (54, 65)], 0.29, 0.42)
(2, [(56, 65), (56, 64)], 1.0, 0.0)
(4, [(55, 64), (55, 64), (55, 65), (54, 65)], 0.77, 0.61)
(2, [(56, 65), (57, 64)], 1.0, 0.0)
(3, [(56, 64), (56, 65), (56, 64)], 0.65, 0.71)
(6, [(55, 64), (56, 64), (56, 65), (55, 65), (54, 64), (56, 64)], 0.67, 0.51)
(3, [(56, 63), (56, 64), (55, 64)], 0.8, 0.23)
(3, [(56, 64), (56, 65), (57, 64)], 0.8, 0.23)
(8, [(55, 63), (55, 64), (56, 65), (55, 65), (54, 64), (54, 65), (57, 64), (56, 64)], 0.62, 0.26)
(5, [(55, 64), (56, 65), (55, 65), (54, 64), (57, 64)], 0.59, 0.44)
(5, [(55, 64), (56, 64), (55, 64), (54, 64), (57, 64)], 0.41, 0.68)
(4, [(55, 64), (56, 64), (55, 64), (54, 64)], 0.0, 0.65)
(3, [(55, 64), (56, 64), (54, 63)], 0.56, 0.45)
(3, [(55, 63), (56, 64), (54, 63)], 0.56, 0.45)
(3, [(55, 62), (55, 63), (54, 63)], 0.8, 0.23)
(3, [(56, 61), (55, 62), (54, 62)], 0.56, 0.45)
(2, [(56, 64), (57, 64)], 1.0, 0.0)
(4, [(55, 64), (56, 65), (55, 65), (54, 65)], 0.58, 0.31)
(7, [(55, 63), (55, 64), (55, 64), (55, 65), (54, 65), (56, 64), (56, 64)], 0.47, 0.65)
(4, [(55, 64), (55, 64), (55, 65), (54, 64)], 0.62, 0.55)
(4, [(55, 64), (55, 65), (54, 64), (56, 64)], 0.58, 0.31)
(3, [(55, 64), (55, 65), (54, 64)], 0.8, 0.23)
(2, [(55, 62), (54, 64)], 1.0, 0.0)
(8, [(54, 63), (55, 63), (55, 64), (54, 64), (53, 64), (53, 64), (56, 64), (56, 63)], 0.62, 0.4)
(2, [(54, 63), (54, 64)], 1.0, 0.0)
(2, [(53, 64), (53, 64)], 1.0, 1.0)
(4, [(54, 63), (54, 64), (53, 64), (53, 64)], 0.77, 0.61)
(5, [(54, 63), (54, 64), (53, 64), (53, 64), (56, 63)], 0.44, 0.67)
(4, [(54, 63), (54, 63), (53, 64), (54, 63)], 0.42, 0.76)
(2, [(53, 64), (53, 63)], 1.0, 0.0)
(2, [(54, 62), (54, 63)], 1.0, 0.0)
(3, [(54, 63), (53, 64), (53, 63)], 0.8, 0.23)
(2, [(53, 63), (54, 62)], 1.0, 0.0)
(4, [(54, 63), (54, 64), (53, 63), (53, 64)], 1.0, 0.0)
(3, [(55, 64), (54, 64), (53, 64)], 0.29, 0.42)
(2, [(54, 63), (53, 63)], 1.0, 0.0)
(2, [(55, 63), (55, 63)], 1.0, 1.0)
(4, [(54, 63), (55, 62), (55, 63), (55, 63)], 0.62, 0.55)
(7, [(54, 63), (55, 62), (55, 64), (54, 64), (53, 64), (55, 63), (55, 63)], 0.59, 0.48)
(3, [(54, 63), (55, 64), (55, 63)], 0.8, 0.23)
(5, [(54, 63), (55, 64), (54, 64), (53, 64), (55, 63)], 0.66, 0.33)
(4, [(54, 63), (55, 64), (54, 64), (53, 64)], 0.58, 0.31)
(3, [(55, 61), (54, 63), (53, 63)], 0.65, 0.51)
(8, [(55, 62), (56, 63), (56, 64), (55, 64), (55, 63), (54, 64), (57, 63), (56, 63)], 0.58, 0.42)
(3, [(56, 64), (55, 64), (54, 64)], 0.29, 0.42)
(2, [(56, 63), (56, 63)], 1.0, 1.0)
(3, [(56, 63), (56, 64), (57, 63)], 0.8, 0.23)
(2, [(56, 63), (57, 63)], 1.0, 0.0)
(5, [(56, 63), (56, 64), (55, 64), (54, 64), (57, 63)], 0.56, 0.48)
(5, [(55, 64), (56, 64), (56, 65), (55, 65), (57, 64)], 0.66, 0.33)
(3, [(55, 64), (55, 64), (56, 64)], 0.65, 0.71)
(6, [(55, 63), (55, 64), (56, 64), (55, 65), (54, 64), (56, 63)], 0.63, 0.15)
(6, [(55, 63), (55, 64), (56, 64), (54, 65), (54, 64), (56, 63)], 0.56, 0.35)
(2, [(53, 64), (54, 64)], 1.0, 0.0)
(3, [(56, 63), (54, 63), (55, 63)], 0.29, 0.42)
(3, [(56, 64), (58, 64), (57, 64)], 0.29, 0.42)
(6, [(55, 64), (56, 63), (55, 65), (55, 65), (54, 65), (56, 64)], 0.56, 0.58)
(3, [(55, 62), (55, 64), (54, 64)], 0.74, 0.44)
(2, [(55, 63), (54, 64)], 1.0, 0.0)
(2, [(55, 62), (54, 63)], 1.0, 0.0)
(4, [(56, 63), (56, 63), (56, 64), (57, 63)], 0.62, 0.55)
(4, [(56, 63), (55, 64), (55, 63), (55, 63)], 0.62, 0.55)
(2, [(57, 64), (57, 63)], 1.0, 0.0)
(6, [(55, 62), (56, 63), (55, 64), (55, 63), (55, 62), (57, 64)], 0.57, 0.59)
(3, [(55, 62), (55, 63), (55, 62)], 0.65, 0.71)
(2, [(56, 63), (57, 64)], 1.0, 0.0)
(4, [(55, 63), (55, 63), (55, 63), (56, 63)], 0.42, 0.76)
(3, [(55, 63), (55, 63), (56, 63)], 0.65, 0.71)
(2, [(55, 63), (56, 63)], 1.0, 0.0)
(2, [(56, 65), (55, 65)], 1.0, 0.0)
(4, [(55, 64), (56, 64), (57, 64), (56, 64)], 0.0, 0.65)
(6, [(55, 64), (56, 64), (56, 65), (55, 65), (54, 65), (57, 64)], 0.59, 0.37)
(6, [(55, 64), (56, 64), (56, 65), (54, 65), (54, 64), (57, 64)], 0.61, 0.41)
(5, [(55, 64), (56, 64), (57, 65), (53, 64), (54, 64)], 0.44, 0.57)
(3, [(56, 63), (54, 64), (55, 64)], 0.56, 0.45)
(2, [(54, 63), (55, 64)], 1.0, 0.0)
(2, [(55, 62), (55, 64)], 1.0, 0.0)
(4, [(55, 64), (56, 64), (56, 65), (57, 64)], 0.58, 0.31)
(4, [(55, 64), (56, 63), (56, 64), (56, 64)], 0.62, 0.55)
(4, [(55, 64), (55, 64), (55, 65), (56, 64)], 0.62, 0.55)
(3, [(55, 63), (54, 63), (55, 62)], 0.8, 0.23)
(3, [(55, 63), (55, 63), (54, 63)], 0.65, 0.71)
(2, [(55, 63), (54, 63)], 1.0, 0.0)
(3, [(55, 64), (56, 64), (57, 64)], 0.29, 0.42)
(7, [(55, 64), (56, 64), (56, 65), (55, 65), (54, 65), (57, 63), (57, 64)], 0.55, 0.38)
(1, [(53, 65)], 0.0, 1.0)
(6, [(55, 64), (56, 64), (55, 65), (55, 65), (54, 64), (57, 62)], 0.39, 0.66)
(5, [(55, 64), (56, 64), (56, 65), (55, 64), (54, 64)], 0.46, 0.58)
(3, [(56, 63), (55, 64), (55, 64)], 0.65, 0.71)
(6, [(55, 64), (56, 64), (56, 65), (54, 65), (54, 65), (57, 64)], 0.64, 0.62)
(5, [(55, 64), (56, 64), (56, 64), (54, 65), (54, 64)], 0.59, 0.6)
(5, [(55, 64), (56, 64), (56, 64), (54, 64), (54, 63)], 0.59, 0.6)
(3, [(55, 63), (55, 64), (56, 64)], 0.8, 0.23)
(4, [(56, 64), (56, 65), (58, 65), (57, 64)], 0.7, 0.42)
(4, [(55, 64), (55, 65), (54, 64), (54, 65)], 1.0, 0.0)
(3, [(55, 64), (56, 64), (56, 64)], 0.65, 0.71)
(3, [(55, 65), (54, 64), (54, 65)], 0.8, 0.23)
(7, [(55, 63), (55, 64), (56, 64), (55, 65), (54, 65), (57, 64), (56, 64)], 0.55, 0.51)
(6, [(55, 63), (55, 64), (56, 64), (55, 65), (54, 65), (57, 64)], 0.56, 0.4)
(5, [(55, 64), (56, 64), (54, 65), (54, 64), (57, 64)], 0.53, 0.53)
(5, [(55, 64), (56, 63), (53, 64), (54, 64), (56, 63)], 0.6, 0.72)
(2, [(55, 64), (56, 63)], 1.0, 0.0)
(4, [(55, 63), (56, 62), (53, 63), (54, 63)], 0.52, 0.53)
(3, [(54, 62), (57, 61), (54, 63)], 0.67, 0.56)
(1, [(57, 61)], 0.0, 1.0)
(6, [(55, 64), (56, 64), (56, 65), (55, 65), (54, 65), (58, 64)], 0.43, 0.51)
(3, [(55, 64), (54, 65), (54, 65)], 0.65, 0.71)
(5, [(56, 64), (57, 65), (55, 65), (54, 64), (58, 64)], 0.55, 0.41)
(2, [(56, 64), (55, 63)], 1.0, 0.0)
(3, [(55, 64), (56, 64), (56, 65)], 0.8, 0.23)
(6, [(55, 64), (56, 64), (56, 65), (55, 65), (54, 65), (56, 64)], 0.68, 0.53)
(4, [(56, 65), (55, 64), (54, 64), (56, 64)], 0.6, 0.45)
(3, [(56, 64), (55, 61), (55, 64)], 0.7, 0.53)
(8, [(55, 63), (55, 64), (55, 65), (55, 65), (54, 64), (54, 65), (56, 64), (56, 64)], 0.66, 0.48)
(6, [(55, 63), (55, 64), (55, 65), (55, 65), (54, 65), (56, 64)], 0.6, 0.5)
(6, [(55, 63), (55, 64), (55, 65), (55, 65), (54, 64), (56, 64)], 0.62, 0.43)
(5, [(55, 64), (55, 65), (55, 65), (54, 64), (56, 64)], 0.63, 0.53)
(5, [(55, 64), (56, 64), (54, 64), (54, 63), (56, 64)], 0.59, 0.6)
(3, [(55, 63), (56, 63), (54, 63)], 0.29, 0.42)
(2, [(56, 63), (54, 63)], 1.0, 0.0)
(3, [(55, 63), (55, 64), (54, 64)], 0.8, 0.23)
(7, [(55, 60), (55, 63), (55, 64), (54, 65), (54, 63), (54, 64), (56, 63)], 0.35, 0.53)
(6, [(55, 63), (55, 64), (54, 64), (54, 63), (54, 64), (56, 63)], 0.68, 0.53)
(5, [(55, 63), (55, 64), (54, 64), (54, 64), (56, 63)], 0.64, 0.62)
(3, [(55, 63), (56, 63), (56, 63)], 0.65, 0.71)
(3, [(55, 63), (54, 64), (54, 63)], 0.8, 0.23)
(4, [(55, 63), (56, 60), (54, 63), (54, 62)], 0.55, 0.56)
(1, [(56, 60)], 0.0, 1.0)
(3, [(54, 62), (54, 63), (54, 62)], 0.65, 0.71)
(1, [(58, 60)], 0.0, 1.0)
(2, [(58, 60), (56, 60)], 1.0, 0.0)
(2, [(55, 64), (54, 63)], 1.0, 0.0)
(6, [(55, 64), (56, 63), (56, 64), (55, 65), (54, 64), (56, 64)], 0.6, 0.5)
(5, [(55, 64), (56, 63), (56, 64), (55, 65), (54, 64)], 0.57, 0.34)
(3, [(56, 64), (54, 65), (54, 64)], 0.74, 0.44)
(3, [(56, 64), (54, 64), (54, 64)], 0.65, 0.71)
(3, [(55, 63), (54, 64), (54, 64)], 0.65, 0.71)
(3, [(55, 60), (54, 62), (54, 63)], 0.54, 0.55)
(3, [(56, 64), (56, 65), (55, 65)], 0.8, 0.23)
(6, [(55, 64), (56, 63), (55, 64), (55, 65), (54, 65), (56, 64)], 0.42, 0.54)
(2, [(55, 65), (54, 64)], 1.0, 0.0)
(4, [(56, 64), (55, 65), (54, 64), (56, 64)], 0.77, 0.61)
(3, [(55, 63), (54, 64), (55, 63)], 0.65, 0.71)
(3, [(55, 62), (54, 64), (54, 63)], 0.56, 0.45)
(3, [(55, 64), (55, 64), (54, 63)], 0.65, 0.71)
(6, [(55, 64), (55, 64), (56, 64), (55, 65), (54, 64), (56, 64)], 0.5, 0.72)
(4, [(55, 64), (56, 64), (55, 65), (54, 64)], 0.58, 0.31)
(6, [(55, 63), (55, 64), (56, 65), (55, 65), (54, 64), (57, 64)], 0.63, 0.36)
(5, [(55, 64), (56, 64), (56, 64), (54, 64), (56, 63)], 0.58, 0.64)
(2, [(57, 63), (57, 64)], 1.0, 0.0)
(3, [(56, 63), (55, 63), (54, 63)], 0.29, 0.42)
(4, [(55, 62), (56, 63), (55, 64), (55, 63)], 0.58, 0.31)
(3, [(55, 62), (55, 64), (55, 63)], 0.29, 0.42)
(6, [(55, 64), (55, 64), (56, 65), (55, 65), (54, 65), (57, 64)], 0.53, 0.58)
(6, [(55, 62), (55, 64), (56, 65), (55, 64), (54, 64), (56, 64)], 0.38, 0.55)
(4, [(55, 63), (56, 63), (56, 64), (55, 63)], 0.77, 0.61)
(4, [(55, 63), (57, 62), (56, 64), (55, 63)], 0.66, 0.6)
(3, [(55, 63), (56, 64), (55, 63)], 0.65, 0.71)
(1, [(58, 61)], 0.0, 1.0)
(4, [(55, 63), (59, 59), (56, 64), (55, 63)], 0.47, 0.71)
(1, [(59, 59)], 0.0, 1.0)
(3, [(55, 65), (55, 65), (54, 65)], 0.65, 0.71)
(4, [(55, 64), (55, 65), (55, 64), (54, 64)], 0.62, 0.55)
(5, [(55, 64), (55, 65), (55, 64), (54, 64), (56, 64)], 0.42, 0.5)
(4, [(55, 62), (54, 65), (55, 64), (54, 64)], 0.5, 0.51)
(4, [(55, 62), (54, 64), (55, 64), (54, 64)], 0.59, 0.66)
(3, [(54, 63), (55, 64), (54, 63)], 0.65, 0.71)
(3, [(55, 64), (56, 65), (55, 65)], 0.8, 0.23)
(6, [(55, 63), (55, 64), (56, 65), (55, 64), (54, 65), (56, 64)], 0.45, 0.49)
(5, [(55, 64), (56, 65), (55, 64), (54, 64), (56, 64)], 0.46, 0.58)
(4, [(55, 61), (55, 63), (55, 63), (54, 63)], 0.56, 0.65)
(2, [(55, 62), (54, 61)], 1.0, 0.0)
(7, [(55, 61), (55, 64), (56, 64), (55, 64), (54, 64), (54, 65), (56, 64)], 0.32, 0.7)
(6, [(55, 63), (56, 64), (55, 64), (54, 63), (54, 64), (56, 63)], 0.68, 0.11)
(3, [(55, 63), (56, 64), (56, 63)], 0.8, 0.23)
(3, [(56, 63), (55, 64), (54, 63)], 0.8, 0.23)
(6, [(55, 61), (55, 64), (55, 65), (55, 64), (54, 64), (56, 64)], 0.31, 0.62)
(6, [(55, 60), (55, 63), (55, 64), (55, 64), (54, 64), (56, 63)], 0.27, 0.67)
(3, [(56, 63), (55, 64), (54, 64)], 0.56, 0.45)
(4, [(55, 61), (55, 64), (55, 63), (56, 63)], 0.49, 0.5)
(2, [(54, 64), (55, 63)], 1.0, 0.0)
(2, [(55, 65), (55, 65)], 1.0, 1.0)
(3, [(55, 61), (54, 64), (54, 63)], 0.54, 0.55)
(3, [(55, 64), (54, 64), (55, 64)], 0.65, 0.71)
(3, [(55, 64), (54, 64), (56, 64)], 0.29, 0.42)
(3, [(55, 63), (54, 63), (56, 64)], 0.56, 0.45)
(3, [(55, 63), (54, 63), (56, 63)], 0.29, 0.42)
(2, [(56, 61), (56, 63)], 1.0, 0.0)
(4, [(55, 63), (56, 61), (55, 63), (56, 63)], 0.59, 0.66)
(8, [(55, 64), (56, 64), (56, 65), (55, 65), (53, 64), (54, 65), (57, 63), (57, 64)], 0.51, 0.42)
(4, [(55, 64), (56, 64), (55, 65), (55, 65)], 0.77, 0.61)
(3, [(55, 64), (55, 65), (55, 65)], 0.65, 0.71)
(2, [(56, 64), (57, 63)], 1.0, 0.0)
(3, [(55, 63), (53, 63), (54, 63)], 0.29, 0.42)
(3, [(55, 63), (54, 62), (54, 63)], 0.8, 0.23)
(6, [(55, 62), (56, 64), (55, 64), (54, 64), (54, 64), (56, 64)], 0.63, 0.7)
(3, [(54, 65), (54, 64), (54, 64)], 0.65, 0.71)
(3, [(55, 64), (53, 64), (54, 64)], 0.29, 0.42)
(3, [(55, 64), (54, 63), (54, 63)], 0.65, 0.71)
(2, [(54, 63), (56, 62)], 1.0, 0.0)
(2, [(55, 62), (57, 61)], 1.0, 0.0)
(2, [(56, 61), (58, 60)], 1.0, 0.0)
(7, [(55, 63), (55, 64), (56, 65), (55, 65), (54, 65), (57, 64), (56, 64)], 0.61, 0.28)
(3, [(55, 64), (56, 64), (56, 63)], 0.8, 0.23)
(5, [(55, 64), (56, 64), (54, 64), (54, 64), (56, 63)], 0.59, 0.6)
(4, [(55, 64), (56, 63), (54, 64), (54, 64)], 0.53, 0.71)
(4, [(55, 63), (56, 61), (53, 64), (54, 64)], 0.49, 0.6)
(4, [(55, 63), (56, 61), (54, 63), (55, 64)], 0.45, 0.54)
(3, [(55, 63), (54, 62), (55, 63)], 0.65, 0.71)
(8, [(55, 60), (55, 63), (55, 64), (55, 64), (54, 63), (54, 64), (56, 63), (56, 64)], 0.33, 0.58)
(1, [(55, 59)], 0.0, 1.0)
(2, [(56, 62), (55, 63)], 1.0, 0.0)
(2, [(56, 61), (55, 62)], 1.0, 0.0)
(2, [(57, 60), (55, 61)], 1.0, 0.0)
(6, [(55, 64), (55, 61), (56, 64), (55, 65), (54, 64), (56, 64)], 0.42, 0.63)
(5, [(55, 64), (55, 61), (56, 64), (54, 65), (54, 64)], 0.46, 0.54)
(3, [(56, 64), (54, 63), (55, 64)], 0.56, 0.45)
(4, [(55, 64), (54, 65), (55, 64), (54, 64)], 0.77, 0.61)
(3, [(53, 64), (55, 64), (54, 64)], 0.29, 0.42)
(2, [(57, 64), (57, 64)], 1.0, 1.0)
(8, [(55, 63), (56, 63), (55, 64), (54, 63), (55, 63), (54, 63), (58, 64), (57, 64)], 0.47, 0.75)
(3, [(56, 63), (58, 64), (57, 64)], 0.56, 0.45)
(2, [(56, 63), (58, 64)], 1.0, 0.0)
(3, [(55, 63), (54, 63), (54, 62)], 0.8, 0.23)
(5, [(55, 63), (56, 63), (55, 64), (54, 63), (56, 63)], 0.63, 0.58)
(3, [(55, 62), (55, 63), (56, 63)], 0.8, 0.23)
(2, [(54, 63), (56, 63)], 1.0, 0.0)
(2, [(54, 62), (55, 63)], 1.0, 0.0)
(6, [(55, 64), (56, 64), (56, 65), (54, 65), (54, 64), (58, 64)], 0.46, 0.54)
(6, [(55, 64), (56, 64), (56, 64), (53, 65), (54, 64), (58, 64)], 0.35, 0.66)
(5, [(56, 64), (56, 64), (54, 63), (55, 63), (58, 64)], 0.39, 0.7)
(4, [(56, 64), (56, 63), (54, 63), (55, 63)], 0.6, 0.45)
(3, [(55, 63), (55, 61), (55, 62)], 0.29, 0.42)
(4, [(55, 64), (55, 64), (55, 64), (56, 64)], 0.42, 0.76)
(5, [(55, 60), (55, 64), (55, 63), (54, 64), (56, 64)], 0.29, 0.6)
(5, [(55, 59), (55, 64), (55, 63), (55, 63), (56, 63)], 0.29, 0.7)
(4, [(55, 64), (55, 63), (55, 63), (56, 63)], 0.62, 0.55)
(3, [(55, 64), (55, 63), (55, 63)], 0.65, 0.71)
(2, [(55, 62), (55, 61)], 1.0, 0.0)
(3, [(56, 64), (57, 64), (56, 64)], 0.65, 0.71)
(6, [(55, 63), (55, 64), (56, 65), (55, 64), (54, 64), (56, 64)], 0.42, 0.49)
(3, [(55, 63), (56, 63), (55, 64)], 0.8, 0.23)
(2, [(55, 64), (55, 62)], 1.0, 0.0)
(2, [(54, 65), (53, 64)], 1.0, 0.0)
(4, [(55, 64), (56, 65), (55, 65), (53, 64)], 0.5, 0.51)
(3, [(55, 64), (56, 64), (55, 64)], 0.65, 0.71)
(4, [(55, 64), (56, 64), (55, 64), (53, 64)], 0.26, 0.7)
(3, [(56, 63), (55, 64), (53, 64)], 0.56, 0.45)
(3, [(56, 62), (54, 63), (54, 63)], 0.65, 0.71)
(2, [(56, 62), (54, 63)], 1.0, 0.0)
(6, [(55, 64), (56, 64), (56, 65), (55, 65), (53, 65), (58, 64)], 0.34, 0.48)
(5, [(55, 64), (56, 65), (55, 65), (54, 64), (58, 64)], 0.47, 0.56)
(5, [(55, 64), (55, 65), (54, 64), (54, 63), (58, 64)], 0.37, 0.57)
(5, [(55, 64), (55, 65), (54, 64), (54, 62), (56, 64)], 0.5, 0.48)
(8, [(55, 64), (55, 64), (56, 65), (55, 65), (54, 64), (54, 65), (56, 64), (57, 63)], 0.45, 0.51)
(6, [(55, 64), (55, 64), (56, 64), (55, 64), (54, 65), (56, 63)], 0.18, 0.63)
(3, [(55, 64), (55, 64), (55, 64)], 1.0, 1.0)
(1, [(57, 62)], 0.0, 1.0)
(4, [(55, 64), (55, 65), (55, 65), (54, 65)], 0.62, 0.55)
(6, [(55, 64), (56, 64), (55, 65), (54, 65), (54, 64), (58, 64)], 0.41, 0.57)
(6, [(55, 63), (55, 64), (56, 65), (54, 64), (55, 64), (56, 64)], 0.42, 0.49)
(4, [(55, 64), (57, 65), (54, 64), (55, 64)], 0.32, 0.7)
(4, [(55, 64), (57, 64), (54, 64), (55, 64)], 0.26, 0.7)
(3, [(57, 64), (54, 64), (55, 64)], 0.49, 0.54)
(3, [(57, 63), (55, 63), (55, 63)], 0.65, 0.71)
(6, [(55, 64), (56, 64), (56, 65), (55, 65), (54, 64), (56, 63)], 0.63, 0.26)
(6, [(55, 64), (55, 64), (56, 64), (55, 65), (54, 64), (56, 62)], 0.35, 0.59)
(5, [(55, 63), (55, 63), (55, 65), (54, 64), (54, 64)], 0.73, 0.81)
(3, [(54, 64), (54, 64), (54, 63)], 0.65, 0.71)
(3, [(56, 64), (56, 63), (56, 64)], 0.65, 0.71)
(6, [(55, 63), (55, 64), (56, 64), (56, 65), (54, 63), (56, 62)], 0.59, 0.35)
(3, [(55, 63), (56, 63), (54, 62)], 0.56, 0.45)
(5, [(55, 64), (55, 64), (55, 64), (54, 64), (56, 64)], -0.22, 0.66)
(4, [(55, 64), (55, 64), (56, 64), (55, 64)], 0.42, 0.76)
(5, [(55, 63), (55, 63), (56, 64), (55, 64), (54, 63)], 0.55, 0.56)
(5, [(55, 63), (55, 63), (56, 64), (55, 65), (54, 63)], 0.67, 0.53)
(3, [(56, 64), (55, 64), (54, 63)], 0.56, 0.45)
(7, [(55, 64), (56, 64), (56, 65), (55, 65), (53, 64), (54, 65), (57, 64)], 0.5, 0.44)
(3, [(55, 64), (55, 64), (54, 65)], 0.65, 0.71)
(4, [(55, 63), (56, 63), (55, 64), (54, 64)], 0.62, 0.37)
(2, [(56, 63), (55, 64)], 1.0, 0.0)
(3, [(55, 63), (55, 64), (55, 65)], 0.29, 0.42)
(4, [(55, 64), (55, 64), (54, 64), (54, 64)], 1.0, 1.0)
(6, [(55, 62), (56, 64), (57, 65), (55, 64), (54, 64), (56, 64)], 0.45, 0.53)
(4, [(56, 64), (57, 64), (55, 64), (54, 64)], 0.5, 0.53)
(4, [(58, 60), (55, 63), (55, 63), (55, 64)], 0.41, 0.72)
(3, [(55, 63), (55, 63), (55, 64)], 0.65, 0.71)
(8, [(55, 64), (56, 64), (56, 65), (55, 65), (54, 64), (54, 64), (58, 64), (57, 64)], 0.52, 0.59)
(6, [(55, 64), (56, 64), (56, 65), (55, 65), (54, 64), (58, 64)], 0.43, 0.51)
(3, [(55, 63), (56, 64), (55, 64)], 0.8, 0.23)
(6, [(55, 61), (55, 64), (55, 64), (55, 65), (54, 64), (56, 64)], 0.31, 0.62)
(5, [(55, 64), (56, 64), (55, 65), (54, 64), (56, 64)], 0.63, 0.58)
(4, [(55, 62), (55, 64), (55, 65), (55, 64)], 0.26, 0.7)
(4, [(55, 62), (55, 64), (54, 64), (55, 64)], 0.56, 0.65)
(3, [(55, 63), (54, 64), (55, 64)], 0.8, 0.23)
(3, [(55, 62), (54, 63), (55, 63)], 0.8, 0.23)
(2, [(56, 61), (54, 62)], 1.0, 0.0)
(6, [(55, 64), (56, 64), (55, 65), (55, 65), (54, 65), (58, 64)], 0.4, 0.67)
(6, [(55, 64), (55, 64), (55, 65), (55, 65), (54, 64), (57, 63)], 0.29, 0.75)
(6, [(55, 64), (55, 64), (55, 65), (55, 64), (54, 64), (57, 63)], 0.1, 0.66)
(3, [(55, 62), (55, 62), (55, 61)], 0.65, 0.71)
(3, [(55, 62), (55, 61), (55, 59)], 0.49, 0.54)
(3, [(55, 61), (55, 60), (55, 59)], 0.29, 0.42)
(2, [(55, 61), (55, 59)], 1.0, 0.0)
(2, [(55, 60), (56, 59)], 1.0, 0.0)
(6, [(55, 64), (55, 64), (56, 64), (55, 65), (54, 64), (56, 63)], 0.42, 0.49)
(6, [(55, 64), (55, 64), (56, 64), (56, 65), (54, 64), (56, 63)], 0.51, 0.5)
(4, [(55, 64), (56, 64), (57, 64), (54, 64)], 0.5, 0.53)
(6, [(55, 64), (56, 64), (56, 65), (55, 65), (54, 64), (57, 64)], 0.6, 0.35)
(5, [(55, 64), (56, 64), (57, 64), (54, 65), (54, 64)], 0.53, 0.53)
(4, [(56, 64), (57, 64), (53, 65), (54, 64)], 0.66, 0.6)
(3, [(57, 64), (53, 65), (54, 64)], 0.59, 0.52)
(3, [(57, 64), (53, 64), (54, 64)], 0.56, 0.59)
(3, [(57, 63), (54, 63), (55, 63)], 0.49, 0.54)
(5, [(55, 64), (55, 60), (55, 63), (55, 64), (54, 64)], 0.29, 0.72)
(4, [(55, 60), (55, 63), (56, 64), (54, 63)], 0.49, 0.55)
(2, [(55, 63), (56, 64)], 1.0, 0.0)
(6, [(55, 61), (55, 64), (55, 64), (55, 64), (54, 65), (56, 64)], 0.18, 0.66)
(4, [(55, 64), (56, 64), (55, 64), (56, 64)], 1.0, 1.0)
(5, [(55, 64), (55, 63), (54, 65), (54, 64), (56, 63)], 0.55, 0.41)
(5, [(55, 64), (55, 63), (53, 64), (54, 64), (56, 63)], 0.56, 0.48)
(4, [(55, 63), (55, 63), (53, 63), (54, 63)], 0.53, 0.72)
(3, [(55, 61), (53, 63), (54, 63)], 0.65, 0.51)
(2, [(53, 63), (54, 63)], 1.0, 0.0)
(7, [(55, 64), (56, 64), (56, 65), (55, 65), (54, 65), (57, 64), (56, 64)], 0.56, 0.51)
(6, [(55, 64), (56, 64), (57, 65), (54, 65), (54, 64), (57, 64)], 0.63, 0.39)
(3, [(56, 64), (54, 64), (55, 64)], 0.29, 0.42)
(4, [(55, 65), (55, 64), (54, 64), (56, 64)], 0.58, 0.31)
(4, [(55, 63), (55, 64), (54, 64), (56, 64)], 0.58, 0.31)
(3, [(55, 62), (55, 63), (54, 64)], 0.56, 0.45)
(4, [(55, 64), (54, 64), (54, 64), (56, 64)], 0.53, 0.72)
(4, [(55, 64), (54, 64), (54, 64), (56, 63)], 0.53, 0.71)
(3, [(55, 63), (54, 63), (56, 61)], 0.65, 0.51)
(5, [(55, 64), (55, 65), (55, 64), (54, 65), (56, 64)], 0.55, 0.56)
(8, [(55, 64), (56, 64), (56, 65), (55, 65), (53, 64), (54, 65), (57, 64), (57, 64)], 0.52, 0.56)
(6, [(55, 64), (56, 64), (56, 65), (53, 65), (54, 64), (57, 64)], 0.51, 0.53)
(6, [(55, 64), (56, 64), (57, 65), (53, 65), (54, 64), (57, 64)], 0.54, 0.56)
(5, [(55, 64), (56, 64), (57, 64), (53, 65), (54, 64)], 0.44, 0.57)
(3, [(57, 63), (54, 64), (54, 64)], 0.65, 0.71)
(3, [(56, 62), (54, 63), (55, 63)], 0.56, 0.45)
(7, [(55, 63), (55, 64), (56, 65), (55, 65), (54, 64), (54, 64), (56, 64)], 0.63, 0.38)
(6, [(55, 64), (56, 65), (55, 65), (54, 64), (54, 64), (56, 64)], 0.67, 0.45)
(6, [(55, 62), (56, 64), (55, 65), (55, 64), (54, 64), (55, 64)], 0.35, 0.55)
(5, [(55, 62), (56, 64), (54, 65), (54, 64), (55, 64)], 0.53, 0.44)
(3, [(55, 63), (53, 64), (54, 64)], 0.56, 0.45)
(3, [(56, 62), (54, 64), (55, 64)], 0.65, 0.51)
(6, [(55, 64), (55, 64), (56, 65), (55, 65), (54, 64), (57, 64)], 0.52, 0.57)
(6, [(55, 64), (55, 64), (56, 64), (54, 65), (54, 64), (57, 64)], 0.38, 0.64)
(3, [(55, 63), (55, 64), (54, 63)], 0.8, 0.23)
(6, [(55, 64), (56, 64), (56, 65), (53, 65), (54, 64), (58, 64)], 0.42, 0.54)
(6, [(55, 64), (56, 64), (57, 65), (53, 65), (54, 64), (58, 64)], 0.5, 0.53)
(7, [(55, 64), (56, 64), (55, 65), (54, 64), (54, 65), (57, 64), (56, 64)], 0.57, 0.53)
(6, [(55, 62), (55, 65), (55, 64), (55, 64), (54, 64), (56, 64)], 0.35, 0.55)
(5, [(55, 62), (55, 65), (55, 64), (54, 64), (56, 64)], 0.51, 0.43)
(3, [(55, 65), (55, 64), (54, 64)], 0.8, 0.23)
(4, [(56, 64), (55, 64), (54, 64), (56, 63)], 0.6, 0.45)
(3, [(56, 62), (55, 63), (54, 63)], 0.56, 0.45)
(6, [(55, 61), (55, 64), (56, 65), (55, 65), (54, 64), (56, 64)], 0.39, 0.53)
(5, [(55, 64), (57, 64), (55, 64), (54, 64), (56, 64)], 0.41, 0.68)
(3, [(55, 63), (56, 63), (55, 63)], 0.65, 0.71)
(7, [(55, 61), (55, 64), (56, 64), (55, 65), (54, 64), (54, 65), (56, 65)], 0.34, 0.51)
(5, [(55, 64), (55, 64), (55, 65), (54, 65), (56, 64)], 0.55, 0.56)
(5, [(55, 64), (55, 64), (54, 65), (54, 64), (56, 64)], 0.46, 0.58)
(4, [(55, 64), (53, 64), (54, 64), (56, 64)], 0.5, 0.53)
(2, [(54, 63), (54, 63)], 1.0, 1.0)
(5, [(55, 64), (56, 64), (56, 65), (53, 65), (54, 64)], 0.59, 0.51)
(5, [(55, 63), (55, 63), (54, 64), (54, 64), (54, 64)], 0.8, 1.0)
(3, [(54, 64), (54, 64), (54, 64)], 1.0, 1.0)
(3, [(54, 64), (55, 65), (54, 64)], 0.65, 0.71)
(4, [(55, 64), (54, 65), (54, 64), (56, 64)], 0.6, 0.45)
(3, [(54, 64), (54, 64), (55, 64)], 0.65, 0.71)
(2, [(54, 64), (55, 64)], 1.0, 0.0)
(6, [(55, 64), (56, 64), (55, 65), (54, 65), (54, 64), (57, 64)], 0.55, 0.46)
(6, [(55, 64), (56, 64), (55, 65), (53, 65), (54, 64), (57, 64)], 0.46, 0.49)
(4, [(56, 64), (55, 64), (54, 63), (54, 63)], 0.7, 0.74)
(4, [(56, 63), (55, 64), (54, 63), (54, 63)], 0.77, 0.61)
(3, [(55, 64), (54, 63), (55, 63)], 0.8, 0.23)
(7, [(55, 64), (56, 64), (56, 65), (55, 65), (53, 64), (54, 65), (57, 63)], 0.47, 0.43)
(6, [(55, 64), (56, 64), (55, 65), (55, 64), (54, 65), (57, 62)], 0.27, 0.66)
(5, [(55, 64), (56, 64), (55, 65), (54, 64), (54, 64)], 0.63, 0.58)
(4, [(55, 64), (54, 65), (53, 65), (54, 64)], 0.62, 0.37)
(4, [(55, 64), (53, 65), (53, 64), (54, 64)], 0.6, 0.45)
(3, [(53, 63), (54, 63), (54, 63)], 0.65, 0.71)
(2, [(53, 62), (54, 63)], 1.0, 0.0)
(6, [(55, 64), (56, 64), (57, 64), (54, 65), (54, 64), (57, 64)], 0.59, 0.61)
(5, [(55, 64), (56, 64), (57, 64), (54, 64), (57, 64)], 0.49, 0.72)
(4, [(55, 63), (55, 63), (56, 64), (54, 62)], 0.0, 0.65)
(3, [(55, 63), (57, 62), (55, 62)], 0.74, 0.44)
(6, [(55, 64), (56, 64), (54, 64), (54, 63), (54, 63), (58, 64)], 0.43, 0.71)
(4, [(55, 64), (54, 64), (54, 63), (54, 63)], 0.77, 0.61)
(3, [(54, 64), (54, 63), (54, 63)], 0.65, 0.71)
(8, [(55, 64), (56, 64), (55, 65), (55, 65), (54, 63), (54, 65), (57, 64), (56, 64)], 0.54, 0.59)
(5, [(55, 64), (56, 64), (55, 65), (54, 64), (56, 63)], 0.57, 0.34)
(5, [(55, 64), (56, 64), (54, 65), (54, 64), (56, 63)], 0.46, 0.4)
(4, [(55, 64), (56, 64), (54, 65), (54, 64)], 0.6, 0.45)
(5, [(55, 64), (56, 64), (54, 65), (54, 64), (56, 64)], 0.59, 0.6)
(4, [(56, 64), (54, 65), (54, 64), (56, 64)], 0.91, 0.72)
(3, [(55, 64), (54, 63), (54, 64)], 0.8, 0.23)
(6, [(55, 63), (55, 63), (55, 64), (55, 63), (54, 64), (56, 62)], 0.18, 0.63)
(3, [(56, 60), (55, 63), (54, 62)], 0.74, 0.44)
(2, [(54, 62), (55, 61)], 1.0, 0.0)
(2, [(54, 61), (55, 60)], 1.0, 0.0)
(6, [(55, 64), (56, 64), (54, 65), (55, 64), (54, 64), (56, 64)], 0.43, 0.74)
(6, [(55, 64), (56, 64), (53, 64), (55, 64), (54, 64), (56, 64)], 0.34, 0.82)
(5, [(55, 64), (56, 64), (54, 63), (55, 63), (55, 64)], 0.55, 0.56)
(4, [(55, 63), (54, 63), (55, 63), (54, 64)], 0.77, 0.61)
(5, [(55, 63), (56, 64), (54, 62), (55, 63), (54, 62)], 0.39, 0.86)
(4, [(55, 63), (54, 62), (55, 63), (54, 62)], 1.0, 1.0)
(5, [(55, 64), (56, 64), (55, 64), (53, 64), (54, 64)], 0.41, 0.68)
(3, [(56, 64), (56, 64), (56, 64)], 1.0, 1.0)
(7, [(55, 61), (55, 64), (56, 64), (55, 65), (55, 64), (54, 65), (56, 64)], 0.23, 0.71)
(7, [(55, 61), (55, 64), (56, 64), (55, 65), (55, 64), (54, 64), (56, 64)], 0.31, 0.7)
(6, [(55, 64), (56, 64), (55, 65), (55, 64), (54, 64), (56, 64)], 0.5, 0.72)
(6, [(55, 64), (56, 64), (54, 65), (54, 64), (54, 64), (56, 64)], 0.63, 0.72)
(5, [(55, 64), (56, 64), (53, 65), (54, 64), (54, 64)], 0.43, 0.64)
(4, [(55, 63), (56, 63), (53, 64), (54, 64)], 0.62, 0.55)
(4, [(55, 63), (56, 62), (54, 63), (54, 63)], 0.53, 0.71)
(3, [(54, 62), (55, 63), (54, 62)], 0.65, 0.71)
(4, [(56, 64), (57, 64), (54, 65), (54, 64)], 0.73, 0.6)
(3, [(56, 64), (55, 64), (55, 64)], 0.65, 0.71)
(4, [(55, 63), (56, 64), (55, 64), (56, 64)], 0.77, 0.61)
(5, [(55, 63), (56, 64), (55, 64), (54, 64), (56, 64)], 0.63, 0.58)
(7, [(55, 61), (55, 64), (55, 65), (55, 65), (54, 64), (54, 64), (56, 64)], 0.36, 0.71)
(4, [(55, 65), (55, 65), (54, 64), (56, 63)], 0.66, 0.6)
(4, [(56, 64), (56, 65), (54, 64), (56, 63)], 0.66, 0.41)
(3, [(56, 64), (56, 64), (56, 63)], 0.65, 0.71)
(3, [(55, 64), (56, 63), (56, 63)], 0.65, 0.71)
(2, [(55, 63), (56, 62)], 1.0, 0.0)
(4, [(55, 64), (55, 64), (53, 64), (54, 64)], 0.53, 0.72)
(2, [(55, 64), (53, 64)], 1.0, 0.0)
(5, [(55, 62), (55, 64), (56, 64), (55, 65), (54, 64)], 0.51, 0.43)
(6, [(55, 64), (56, 63), (55, 65), (55, 65), (54, 64), (56, 64)], 0.59, 0.54)
(6, [(55, 64), (56, 63), (56, 64), (56, 65), (54, 64), (56, 64)], 0.55, 0.56)
(6, [(55, 64), (56, 63), (56, 64), (57, 65), (54, 64), (56, 64)], 0.41, 0.56)
(3, [(56, 64), (56, 63), (54, 64)], 0.74, 0.44)
(3, [(55, 64), (56, 63), (54, 64)], 0.56, 0.45)
(2, [(55, 65), (56, 65)], 1.0, 0.0)
(6, [(55, 64), (56, 64), (55, 65), (54, 64), (54, 65), (57, 64)], 0.55, 0.46)
(6, [(55, 64), (56, 64), (55, 65), (54, 64), (54, 64), (57, 64)], 0.53, 0.64)
(5, [(55, 64), (56, 64), (55, 65), (54, 64), (57, 64)], 0.55, 0.47)
(4, [(55, 64), (56, 64), (54, 64), (54, 64)], 0.53, 0.72)
(3, [(55, 63), (54, 63), (54, 63)], 0.65, 0.71)
(5, [(55, 64), (56, 65), (55, 65), (53, 64), (58, 64)], 0.38, 0.53)
(5, [(55, 64), (56, 65), (54, 65), (53, 64), (58, 64)], 0.45, 0.53)
(2, [(54, 65), (54, 64)], 1.0, 0.0)
(3, [(55, 64), (54, 64), (54, 63)], 0.8, 0.23)
(6, [(55, 63), (55, 64), (55, 65), (55, 64), (54, 64), (56, 64)], 0.29, 0.33)
(6, [(55, 64), (56, 63), (56, 65), (54, 65), (54, 64), (56, 64)], 0.61, 0.3)
(5, [(56, 63), (56, 64), (53, 65), (54, 64), (56, 64)], 0.64, 0.71)
(3, [(56, 64), (53, 65), (54, 64)], 0.56, 0.45)
(6, [(55, 64), (56, 64), (55, 65), (55, 65), (53, 64), (58, 64)], 0.32, 0.63)
(4, [(55, 64), (55, 65), (55, 65), (56, 64)], 0.77, 0.61)
(4, [(55, 63), (55, 62), (56, 63), (55, 63)], 0.62, 0.55)
(3, [(55, 62), (55, 60), (56, 62)], 0.74, 0.44)
(3, [(56, 59), (56, 62), (55, 61)], 0.69, 0.43)
(1, [(56, 59)], 0.0, 1.0)
(3, [(55, 59), (55, 61), (55, 60)], 0.29, 0.42)
(2, [(55, 59), (55, 61)], 1.0, 0.0)
(2, [(56, 59), (55, 60)], 1.0, 0.0)
(4, [(55, 63), (55, 62), (54, 64), (54, 63)], 0.62, 0.37)
(3, [(55, 62), (55, 64), (54, 63)], 0.8, 0.23)
(5, [(55, 64), (56, 65), (54, 65), (54, 65), (58, 64)], 0.49, 0.68)
(4, [(56, 65), (54, 65), (54, 65), (58, 64)], 0.53, 0.71)
(3, [(56, 63), (54, 65), (53, 65)], 0.61, 0.56)
(5, [(55, 64), (56, 64), (55, 65), (55, 65), (54, 65)], 0.55, 0.56)
(5, [(55, 64), (56, 64), (55, 65), (54, 65), (54, 65)], 0.64, 0.62)
(3, [(53, 65), (53, 65), (54, 65)], 0.65, 0.71)
(3, [(52, 65), (53, 65), (54, 65)], 0.29, 0.42)
(3, [(53, 64), (53, 64), (54, 64)], 0.65, 0.71)
(6, [(55, 63), (55, 64), (56, 65), (55, 65), (54, 64), (56, 64)], 0.63, 0.15)
(5, [(55, 64), (56, 65), (55, 65), (54, 64), (56, 64)], 0.66, 0.33)
(4, [(55, 64), (55, 65), (55, 65), (54, 64)], 0.77, 0.61)
(5, [(55, 64), (56, 63), (56, 64), (54, 64), (56, 64)], 0.58, 0.64)
(4, [(55, 64), (56, 63), (56, 63), (54, 64)], 0.7, 0.74)
(4, [(55, 64), (56, 63), (56, 63), (54, 63)], 0.77, 0.61)
(3, [(55, 63), (56, 63), (56, 62)], 0.8, 0.23)
(2, [(56, 65), (56, 65)], 1.0, 1.0)
(4, [(55, 64), (55, 64), (55, 64), (54, 64)], 0.42, 0.76)
(7, [(55, 64), (55, 64), (56, 65), (55, 64), (54, 64), (57, 64), (57, 64)], 0.59, 0.75)
(6, [(55, 64), (55, 63), (56, 64), (55, 65), (54, 64), (57, 64)], 0.58, 0.4)
(5, [(55, 64), (55, 63), (56, 63), (54, 65), (54, 64)], 0.55, 0.41)
(4, [(55, 63), (56, 63), (54, 63), (55, 63)], 0.0, 0.65)
(2, [(56, 64), (54, 63)], 1.0, 0.0)
(4, [(55, 63), (56, 63), (55, 64), (55, 63)], 0.62, 0.55)
(3, [(54, 64), (55, 63), (54, 63)], 0.8, 0.23)
(3, [(54, 63), (55, 62), (54, 63)], 0.65, 0.71)
(7, [(55, 63), (55, 64), (55, 65), (55, 65), (54, 64), (54, 65), (56, 64)], 0.65, 0.36)
(7, [(55, 63), (55, 64), (55, 65), (55, 65), (54, 64), (54, 64), (56, 64)], 0.66, 0.57)
(4, [(55, 64), (55, 65), (55, 64), (56, 64)], 0.62, 0.55)
(5, [(55, 64), (56, 65), (54, 65), (54, 64), (56, 64)], 0.7, 0.27)
(4, [(55, 62), (56, 64), (54, 64), (55, 64)], 0.66, 0.41)
(2, [(56, 64), (54, 64)], 1.0, 0.0)
(3, [(54, 65), (55, 64), (54, 64)], 0.8, 0.23)
(3, [(55, 64), (55, 62), (54, 64)], 0.74, 0.44)
(7, [(55, 64), (56, 65), (55, 65), (54, 64), (54, 65), (56, 63), (56, 64)], 0.63, 0.25)
(6, [(55, 64), (56, 65), (55, 65), (54, 64), (56, 63), (56, 64)], 0.63, 0.26)
(6, [(55, 64), (56, 64), (55, 65), (54, 64), (56, 63), (56, 64)], 0.6, 0.5)
(4, [(55, 62), (56, 64), (55, 64), (54, 64)], 0.66, 0.41)
(3, [(55, 62), (56, 64), (55, 64)], 0.74, 0.44)
(2, [(57, 65), (56, 64)], 1.0, 0.0)
(5, [(55, 64), (57, 64), (56, 64), (54, 64), (56, 64)], 0.41, 0.68)
(3, [(55, 64), (54, 65), (54, 64)], 0.8, 0.23)
(6, [(55, 64), (56, 64), (55, 65), (54, 65), (54, 65), (58, 64)], 0.42, 0.69)
(6, [(55, 64), (56, 64), (55, 65), (53, 65), (54, 65), (58, 64)], 0.38, 0.59)
(5, [(56, 64), (55, 64), (53, 65), (54, 65), (58, 64)], 0.44, 0.64)
(2, [(53, 65), (54, 65)], 1.0, 0.0)
(3, [(55, 64), (53, 65), (54, 65)], 0.56, 0.45)
(6, [(55, 61), (55, 64), (55, 65), (55, 64), (54, 65), (56, 64)], 0.21, 0.65)
(3, [(53, 63), (55, 64), (54, 63)], 0.56, 0.45)
(5, [(55, 64), (56, 64), (55, 64), (54, 64), (58, 64)], 0.32, 0.72)
(8, [(55, 63), (56, 63), (56, 64), (55, 64), (54, 63), (54, 64), (57, 64), (57, 64)], 0.62, 0.4)
(7, [(55, 63), (56, 63), (56, 64), (55, 64), (54, 64), (57, 64), (57, 64)], 0.61, 0.53)
(6, [(55, 63), (56, 63), (56, 64), (55, 64), (54, 64), (57, 64)], 0.6, 0.35)
(4, [(55, 63), (55, 63), (54, 64), (56, 64)], 0.62, 0.55)
(6, [(55, 64), (56, 64), (56, 65), (55, 65), (53, 65), (57, 63)], 0.4, 0.49)
(6, [(55, 64), (56, 64), (57, 65), (54, 65), (53, 65), (57, 63)], 0.53, 0.53)
(2, [(53, 65), (53, 65)], 1.0, 1.0)
(5, [(55, 64), (56, 64), (57, 64), (53, 65), (53, 65)], 0.59, 0.77)
(5, [(55, 64), (56, 64), (57, 64), (53, 64), (54, 64)], 0.38, 0.57)
(4, [(56, 62), (56, 64), (54, 62), (55, 63)], 0.58, 0.31)
(3, [(56, 62), (56, 64), (55, 63)], 0.8, 0.23)
(6, [(55, 64), (56, 65), (55, 65), (54, 64), (54, 64), (57, 64)], 0.56, 0.61)
(6, [(55, 64), (56, 64), (55, 64), (54, 64), (54, 64), (57, 64)], 0.34, 0.82)
(5, [(55, 63), (55, 63), (54, 65), (54, 64), (54, 64)], 0.6, 0.87)
(5, [(55, 63), (55, 63), (55, 64), (54, 63), (54, 63)], 0.73, 0.81)
(4, [(55, 62), (55, 63), (55, 63), (54, 62)], 0.77, 0.61)
(2, [(55, 62), (54, 62)], 1.0, 0.0)
(3, [(56, 63), (55, 63), (55, 63)], 0.65, 0.71)
(4, [(56, 63), (55, 62), (55, 63), (55, 63)], 0.62, 0.55)
(5, [(56, 63), (55, 62), (55, 63), (55, 63), (54, 62)], 0.55, 0.56)
(6, [(55, 64), (56, 64), (56, 65), (54, 65), (54, 65), (58, 64)], 0.48, 0.67)
(6, [(55, 64), (56, 63), (55, 65), (55, 64), (54, 64), (56, 64)], 0.42, 0.49)
(5, [(56, 63), (55, 64), (55, 64), (54, 64), (56, 64)], 0.46, 0.58)
(5, [(55, 64), (55, 64), (56, 65), (55, 65), (54, 63)], 0.32, 0.63)
(3, [(56, 64), (53, 64), (54, 64)], 0.49, 0.54)
(3, [(56, 63), (53, 64), (54, 64)], 0.54, 0.55)
(3, [(56, 64), (55, 64), (56, 64)], 0.65, 0.71)
(4, [(56, 64), (55, 64), (54, 64), (56, 64)], 0.53, 0.72)
(3, [(55, 63), (55, 62), (56, 61)], 0.56, 0.45)
(6, [(55, 64), (56, 63), (56, 64), (55, 64), (54, 64), (56, 64)], 0.53, 0.75)
(5, [(56, 63), (56, 64), (55, 64), (54, 64), (56, 64)], 0.58, 0.64)
(3, [(56, 64), (55, 63), (54, 63)], 0.56, 0.45)
(4, [(55, 64), (56, 64), (55, 65), (56, 64)], 0.77, 0.61)
(5, [(55, 61), (56, 64), (55, 64), (54, 63), (56, 64)], 0.64, 0.64)
(4, [(55, 60), (56, 64), (55, 64), (55, 63)], 0.41, 0.62)
(3, [(56, 63), (55, 63), (55, 62)], 0.8, 0.23)
(2, [(55, 61), (55, 63)], 1.0, 0.0)
(7, [(55, 64), (55, 64), (56, 65), (55, 65), (54, 65), (57, 64), (56, 64)], 0.57, 0.49)
(5, [(55, 64), (56, 64), (56, 65), (54, 64), (57, 64)], 0.55, 0.47)
(3, [(56, 64), (57, 64), (54, 64)], 0.49, 0.54)
(3, [(55, 64), (56, 64), (57, 63)], 0.56, 0.45)
(4, [(55, 64), (55, 65), (56, 63), (55, 63)], 0.6, 0.45)
(5, [(55, 64), (56, 64), (55, 64), (54, 64), (56, 64)], 0.39, 0.86)
(4, [(55, 64), (56, 64), (55, 65), (56, 63)], 0.62, 0.37)
(6, [(55, 63), (55, 64), (55, 64), (54, 63), (54, 64), (56, 63)], 0.64, 0.47)
(3, [(54, 64), (54, 63), (54, 64)], 0.65, 0.71)
(4, [(54, 63), (54, 64), (54, 63), (54, 64)], 1.0, 1.0)
(7, [(55, 63), (55, 64), (56, 64), (55, 65), (54, 64), (54, 65), (57, 64)], 0.56, 0.38)
(7, [(55, 63), (55, 64), (56, 64), (55, 65), (54, 64), (54, 64), (57, 64)], 0.54, 0.56)
(5, [(55, 64), (56, 64), (54, 64), (54, 64), (57, 64)], 0.49, 0.72)
(5, [(55, 64), (56, 64), (54, 63), (54, 63), (57, 64)], 0.6, 0.72)
(4, [(55, 63), (56, 64), (54, 63), (54, 63)], 0.53, 0.71)
(3, [(55, 64), (56, 63), (55, 63)], 0.8, 0.23)
(3, [(56, 64), (55, 63), (55, 63)], 0.65, 0.71)
(4, [(55, 64), (58, 60), (55, 63), (55, 63)], 0.41, 0.72)
(4, [(55, 64), (59, 59), (55, 63), (55, 63)], 0.42, 0.73)
(6, [(55, 63), (55, 64), (56, 65), (55, 65), (54, 65), (56, 64)], 0.63, 0.26)
(6, [(55, 64), (56, 64), (56, 65), (54, 64), (53, 64), (58, 64)], 0.41, 0.56)
(2, [(53, 65), (53, 64)], 1.0, 0.0)
(4, [(54, 63), (56, 61), (53, 63), (54, 64)], 0.44, 0.58)
(3, [(56, 61), (53, 63), (54, 64)], 0.73, 0.47)
(8, [(55, 63), (55, 64), (55, 64), (55, 65), (54, 64), (54, 65), (56, 65), (56, 64)], 0.55, 0.22)
(2, [(54, 65), (55, 65)], 1.0, 0.0)
(5, [(55, 63), (54, 64), (54, 64), (53, 63), (55, 64)], 0.58, 0.57)
(4, [(54, 64), (54, 64), (54, 63), (54, 63)], 1.0, 1.0)
(3, [(53, 64), (54, 64), (54, 63)], 0.8, 0.23)
(2, [(53, 64), (54, 63)], 1.0, 0.0)
(4, [(55, 64), (55, 64), (56, 65), (55, 65)], 0.77, 0.61)
(4, [(55, 64), (55, 64), (56, 64), (55, 65)], 0.62, 0.55)
(5, [(55, 64), (55, 64), (56, 64), (54, 64), (54, 64)], 0.39, 0.86)
(4, [(54, 64), (56, 63), (54, 65), (54, 64)], 0.45, 0.68)
(4, [(54, 63), (56, 63), (54, 63), (54, 63)], 0.42, 0.76)
(4, [(55, 63), (57, 62), (54, 62), (54, 62)], 0.6, 0.68)
(3, [(55, 63), (54, 62), (54, 62)], 0.65, 0.71)
(3, [(56, 64), (56, 65), (57, 65)], 0.8, 0.23)
(5, [(55, 64), (55, 65), (54, 65), (54, 64), (56, 64)], 0.66, 0.33)
(3, [(55, 64), (53, 65), (54, 64)], 0.56, 0.45)
(4, [(55, 64), (55, 64), (55, 65), (55, 65)], 1.0, 1.0)
(3, [(56, 64), (54, 63), (55, 63)], 0.56, 0.45)
(7, [(55, 64), (56, 64), (56, 65), (55, 65), (54, 65), (58, 64), (57, 64)], 0.5, 0.47)
(7, [(55, 61), (55, 64), (56, 65), (55, 64), (54, 65), (56, 64), (56, 64)], 0.26, 0.69)
(4, [(55, 63), (56, 64), (55, 64), (56, 63)], 1.0, 0.0)
(4, [(55, 63), (56, 64), (55, 64), (54, 64)], 0.58, 0.31)
(5, [(55, 64), (56, 65), (55, 64), (54, 65), (56, 64)], 0.58, 0.57)
(3, [(56, 62), (55, 63), (55, 64)], 0.56, 0.45)
(2, [(57, 65), (57, 64)], 1.0, 0.0)
(7, [(55, 63), (56, 63), (55, 64), (54, 63), (54, 63), (58, 64), (57, 64)], 0.53, 0.67)
(4, [(55, 62), (55, 63), (54, 63), (55, 63)], 0.62, 0.55)
(4, [(54, 65), (54, 64), (54, 64), (55, 64)], 0.62, 0.55)
(5, [(55, 62), (53, 65), (54, 64), (54, 64), (55, 64)], 0.3, 0.62)
(4, [(55, 62), (53, 64), (54, 64), (54, 64)], 0.45, 0.68)
(3, [(53, 64), (54, 64), (54, 64)], 0.65, 0.71)
(3, [(53, 64), (54, 63), (54, 64)], 0.8, 0.23)
(2, [(53, 63), (55, 62)], 1.0, 0.0)
(4, [(55, 64), (55, 64), (55, 64), (54, 65)], 0.42, 0.76)
(4, [(55, 64), (56, 65), (55, 65), (56, 64)], 1.0, 0.0)
(6, [(55, 61), (55, 64), (56, 64), (55, 65), (54, 64), (56, 64)], 0.42, 0.63)
(6, [(55, 64), (56, 64), (56, 65), (55, 65), (54, 65), (57, 63)], 0.5, 0.47)
(6, [(55, 64), (55, 64), (55, 65), (55, 64), (54, 65), (57, 62)], 0.02, 0.7)
(3, [(56, 62), (55, 64), (54, 64)], 0.65, 0.51)
(3, [(56, 64), (57, 64), (57, 64)], 0.65, 0.71)
(2, [(53, 65), (54, 64)], 1.0, 0.0)
(4, [(56, 63), (56, 64), (54, 64), (55, 64)], 0.6, 0.45)
(6, [(55, 64), (56, 64), (56, 65), (53, 65), (54, 65), (57, 64)], 0.56, 0.55)
(5, [(55, 64), (56, 64), (56, 64), (53, 65), (54, 65)], 0.6, 0.73)
(4, [(56, 64), (56, 64), (53, 65), (54, 65)], 0.76, 0.81)
(4, [(56, 64), (56, 64), (53, 64), (54, 64)], 0.72, 0.8)
(3, [(54, 65), (54, 65), (54, 64)], 0.65, 0.71)
(4, [(55, 64), (54, 65), (54, 64), (54, 64)], 0.62, 0.55)
(4, [(55, 63), (54, 64), (54, 64), (54, 63)], 0.77, 0.61)
(3, [(54, 64), (54, 63), (55, 62)], 0.56, 0.45)
(6, [(55, 63), (56, 65), (55, 64), (54, 64), (54, 64), (57, 64)], 0.55, 0.56)
(6, [(55, 63), (56, 63), (56, 64), (54, 64), (54, 64), (57, 63)], 0.64, 0.62)
(3, [(55, 63), (56, 63), (56, 64)], 0.8, 0.23)
(5, [(55, 62), (56, 63), (56, 64), (55, 63), (54, 63)], 0.57, 0.34)
(6, [(55, 64), (56, 64), (57, 64), (53, 65), (54, 64), (57, 64)], 0.5, 0.7)
(6, [(55, 64), (56, 64), (55, 65), (55, 65), (54, 65), (57, 63)], 0.46, 0.66)
(6, [(55, 64), (56, 64), (55, 65), (55, 65), (53, 65), (57, 63)], 0.35, 0.6)
(6, [(55, 64), (56, 64), (55, 65), (54, 65), (54, 64), (57, 62)], 0.37, 0.56)
(2, [(56, 64), (55, 65)], 1.0, 0.0)
(6, [(55, 64), (56, 64), (55, 65), (54, 65), (54, 64), (57, 63)], 0.47, 0.51)
(3, [(56, 63), (54, 64), (54, 64)], 0.65, 0.71)
(5, [(55, 64), (56, 64), (57, 64), (53, 64), (57, 64)], 0.39, 0.74)
(4, [(55, 63), (55, 64), (56, 64), (55, 64)], 0.62, 0.55)
(6, [(55, 64), (56, 64), (56, 65), (55, 64), (54, 65), (57, 64)], 0.54, 0.55)
(3, [(56, 64), (57, 64), (55, 64)], 0.29, 0.42)
(4, [(56, 64), (57, 64), (55, 64), (54, 65)], 0.52, 0.53)
(3, [(57, 64), (55, 64), (54, 65)], 0.56, 0.45)
(3, [(56, 63), (55, 64), (54, 65)], 0.29, 0.42)
(7, [(55, 64), (56, 64), (56, 65), (55, 65), (54, 64), (54, 64), (58, 64)], 0.45, 0.62)
(6, [(55, 64), (56, 64), (57, 65), (54, 65), (54, 65), (57, 64)], 0.68, 0.58)
(4, [(56, 64), (57, 64), (54, 64), (54, 65)], 0.73, 0.6)
(3, [(57, 64), (54, 64), (54, 65)], 0.7, 0.53)
(2, [(56, 62), (55, 64)], 1.0, 0.0)
(6, [(55, 64), (56, 64), (55, 65), (55, 64), (54, 64), (57, 62)], 0.32, 0.65)
(5, [(55, 64), (56, 64), (54, 65), (54, 65), (54, 64)], 0.66, 0.65)
(4, [(55, 64), (54, 65), (54, 65), (54, 64)], 0.77, 0.61)
(3, [(53, 65), (53, 64), (54, 64)], 0.8, 0.23)
(2, [(52, 64), (53, 64)], 1.0, 0.0)
(2, [(53, 63), (53, 64)], 1.0, 0.0)
(3, [(55, 63), (55, 63), (55, 63)], 1.0, 1.0)
(6, [(55, 64), (56, 64), (57, 64), (53, 65), (54, 65), (57, 64)], 0.54, 0.73)
(4, [(56, 64), (56, 63), (53, 65), (54, 65)], 0.77, 0.63)
(4, [(55, 64), (56, 62), (53, 64), (54, 64)], 0.53, 0.56)
(4, [(55, 64), (56, 62), (54, 63), (54, 63)], 0.66, 0.6)
(7, [(55, 63), (56, 64), (55, 64), (54, 63), (54, 65), (56, 63), (55, 63)], 0.55, 0.49)
(4, [(55, 63), (54, 63), (56, 63), (55, 63)], 0.0, 0.65)
(6, [(55, 63), (56, 64), (55, 64), (54, 65), (56, 63), (55, 63)], 0.52, 0.58)
(5, [(55, 63), (56, 64), (55, 64), (54, 65), (55, 63)], 0.5, 0.63)
(5, [(55, 64), (55, 64), (55, 65), (55, 64), (54, 64)], 0.47, 0.59)
(5, [(55, 64), (55, 63), (56, 64), (54, 65), (54, 64)], 0.57, 0.34)
(2, [(53, 64), (55, 63)], 1.0, 0.0)
(6, [(55, 64), (56, 64), (55, 65), (55, 64), (54, 65), (56, 61)], 0.21, 0.66)
(5, [(55, 63), (56, 63), (55, 64), (55, 64), (54, 64)], 0.55, 0.56)
(4, [(55, 62), (55, 64), (55, 63), (55, 64)], 0.53, 0.72)
(3, [(55, 64), (55, 63), (55, 64)], 0.65, 0.71)
(6, [(55, 63), (55, 64), (56, 64), (55, 64), (54, 64), (56, 64)], 0.5, 0.72)
(3, [(56, 63), (56, 64), (56, 64)], 0.65, 0.71)
(3, [(55, 64), (55, 64), (56, 63)], 0.65, 0.71)
(6, [(54, 64), (56, 64), (56, 65), (55, 64), (54, 65), (57, 64)], 0.61, 0.41)
(6, [(54, 64), (56, 64), (55, 65), (55, 64), (54, 65), (57, 64)], 0.55, 0.46)
(4, [(56, 64), (54, 65), (55, 64), (54, 65)], 0.7, 0.74)
(3, [(54, 65), (55, 63), (54, 64)], 0.56, 0.45)
(3, [(54, 65), (56, 62), (54, 64)], 0.61, 0.56)
(3, [(55, 65), (55, 65), (54, 64)], 0.65, 0.71)
(3, [(56, 64), (55, 65), (55, 65)], 0.65, 0.71)
(5, [(55, 64), (55, 64), (56, 65), (55, 65), (54, 64)], 0.55, 0.56)
(5, [(55, 64), (55, 64), (56, 64), (54, 65), (54, 64)], 0.46, 0.58)
(5, [(55, 64), (55, 64), (56, 64), (53, 64), (54, 64)], 0.41, 0.68)
(3, [(55, 63), (55, 62), (54, 63)], 0.8, 0.23)
(4, [(56, 64), (56, 64), (53, 65), (54, 64)], 0.7, 0.74)
(5, [(55, 64), (56, 64), (57, 65), (53, 65), (54, 64)], 0.51, 0.53)
(6, [(55, 64), (56, 64), (55, 65), (55, 65), (54, 64), (57, 63)], 0.49, 0.64)
(6, [(55, 64), (56, 64), (56, 65), (53, 65), (54, 64), (57, 63)], 0.45, 0.51)
(4, [(56, 64), (56, 63), (53, 65), (54, 64)], 0.67, 0.58)
(3, [(56, 63), (53, 65), (54, 64)], 0.47, 0.5)
(3, [(56, 62), (54, 64), (54, 64)], 0.65, 0.71)
(2, [(56, 63), (54, 64)], 1.0, 0.0)
(5, [(55, 64), (56, 65), (53, 65), (54, 64), (57, 64)], 0.53, 0.49)
(4, [(55, 64), (56, 64), (53, 65), (54, 64)], 0.52, 0.53)
(3, [(55, 63), (55, 63), (55, 62)], 0.65, 0.71)
(3, [(56, 61), (55, 63), (55, 62)], 0.56, 0.45)
(3, [(55, 60), (55, 63), (55, 62)], 0.49, 0.54)
(8, [(55, 63), (55, 64), (55, 64), (55, 65), (54, 64), (54, 64), (56, 64), (56, 64)], 0.42, 0.67)
(5, [(55, 63), (55, 65), (55, 64), (54, 64), (56, 65)], 0.57, 0.34)
(4, [(55, 63), (54, 64), (54, 64), (55, 64)], 0.77, 0.61)
(4, [(55, 63), (54, 64), (54, 64), (56, 63)], 0.7, 0.74)
(4, [(55, 63), (54, 63), (54, 64), (56, 61)], 0.43, 0.57)
(3, [(55, 63), (54, 63), (54, 64)], 0.8, 0.23)
(3, [(55, 62), (54, 62), (57, 60)], 0.61, 0.56)
(2, [(54, 62), (57, 60)], 1.0, 0.0)
(5, [(57, 65), (55, 64), (54, 64), (56, 64), (56, 64)], 0.43, 0.64)
(5, [(57, 64), (55, 64), (54, 64), (56, 64), (56, 64)], 0.41, 0.68)
(4, [(57, 64), (55, 64), (54, 64), (56, 64)], 0.5, 0.53)
(3, [(56, 63), (55, 64), (56, 64)], 0.8, 0.23)
(4, [(56, 63), (55, 63), (54, 64), (56, 64)], 0.7, 0.42)
(4, [(55, 63), (55, 62), (55, 63), (55, 64)], 0.0, 0.65)
(3, [(55, 62), (55, 63), (55, 64)], 0.29, 0.42)
(3, [(55, 62), (55, 63), (55, 63)], 0.65, 0.71)
(4, [(55, 62), (55, 63), (54, 63), (54, 63)], 0.77, 0.61)
(1, [(58, 59)], 0.0, 1.0)
(6, [(55, 64), (55, 64), (56, 65), (55, 65), (54, 64), (56, 63)], 0.45, 0.49)
(6, [(55, 64), (55, 64), (56, 64), (55, 65), (55, 64), (55, 62)], 0.21, 0.64)
(4, [(55, 63), (55, 63), (53, 64), (54, 64)], 0.7, 0.74)
(6, [(55, 64), (55, 64), (55, 65), (55, 64), (54, 64), (57, 62)], 0.1, 0.69)
(5, [(55, 64), (56, 63), (56, 64), (54, 65), (54, 64)], 0.46, 0.4)
(6, [(55, 64), (56, 64), (56, 64), (55, 65), (54, 65), (57, 63)], 0.44, 0.61)
(5, [(56, 64), (56, 64), (57, 64), (54, 65), (57, 63)], 0.08, 0.68)
(4, [(55, 64), (56, 64), (57, 64), (55, 64)], 0.53, 0.72)
(3, [(56, 64), (56, 63), (55, 64)], 0.8, 0.23)
(3, [(55, 64), (55, 63), (54, 63)], 0.8, 0.23)
(4, [(55, 64), (56, 65), (55, 65), (54, 64)], 0.62, 0.37)
(4, [(55, 64), (56, 64), (56, 65), (54, 64)], 0.6, 0.45)
(6, [(55, 63), (55, 64), (56, 65), (55, 65), (54, 65), (57, 64)], 0.61, 0.37)
(5, [(55, 64), (56, 65), (55, 64), (54, 64), (57, 64)], 0.51, 0.6)
(5, [(55, 63), (56, 64), (55, 64), (54, 64), (57, 64)], 0.55, 0.47)
(4, [(56, 61), (55, 62), (54, 62), (54, 63)], 0.47, 0.51)
(3, [(55, 62), (54, 62), (54, 63)], 0.8, 0.23)
(6, [(55, 64), (56, 64), (55, 65), (55, 65), (54, 65), (57, 62)], 0.35, 0.68)
(4, [(55, 62), (55, 64), (55, 63), (54, 64)], 0.6, 0.45)
(5, [(55, 62), (56, 65), (55, 64), (54, 64), (56, 64)], 0.53, 0.44)
(2, [(55, 61), (54, 60)], 1.0, 0.0)
(8, [(55, 64), (55, 64), (55, 65), (55, 65), (54, 63), (54, 65), (57, 64), (56, 64)], 0.43, 0.62)
(6, [(55, 64), (55, 64), (55, 65), (54, 65), (54, 64), (57, 64)], 0.37, 0.59)
(6, [(55, 62), (55, 64), (56, 64), (55, 65), (54, 64), (56, 64)], 0.53, 0.55)
(2, [(56, 64), (58, 64)], 1.0, 0.0)
(4, [(55, 64), (55, 63), (54, 62), (56, 63)], 0.39, 0.45)
(5, [(55, 64), (56, 65), (54, 65), (54, 64), (58, 64)], 0.49, 0.57)
(6, [(55, 63), (55, 64), (56, 64), (55, 65), (54, 65), (56, 64)], 0.59, 0.54)
(6, [(55, 63), (55, 64), (56, 64), (55, 65), (54, 64), (56, 64)], 0.62, 0.43)
(5, [(55, 64), (56, 64), (53, 64), (54, 64), (56, 64)], 0.49, 0.72)
(3, [(55, 63), (55, 64), (55, 62)], 0.29, 0.42)
(4, [(55, 64), (55, 64), (55, 65), (55, 64)], 0.42, 0.76)
(5, [(55, 64), (56, 63), (55, 64), (54, 64), (56, 64)], 0.46, 0.58)
(5, [(55, 64), (56, 63), (55, 65), (54, 64), (56, 63)], 0.64, 0.58)
(5, [(55, 64), (56, 63), (54, 65), (54, 64), (56, 63)], 0.56, 0.67)
(4, [(55, 64), (56, 63), (53, 64), (56, 63)], 0.53, 0.71)
(4, [(55, 64), (56, 63), (54, 64), (56, 63)], 0.7, 0.74)
(5, [(55, 64), (56, 64), (56, 64), (53, 65), (54, 64)], 0.5, 0.71)
(4, [(57, 61), (56, 64), (54, 63), (55, 63)], 0.57, 0.52)
(5, [(55, 64), (56, 64), (56, 65), (55, 65), (54, 65)], 0.66, 0.33)
(5, [(55, 64), (56, 64), (56, 65), (55, 65), (54, 64)], 0.66, 0.33)
(5, [(55, 64), (56, 64), (56, 65), (54, 65), (54, 64)], 0.7, 0.27)
(4, [(55, 64), (56, 63), (55, 64), (54, 64)], 0.35, 0.66)
(3, [(56, 62), (55, 63), (55, 63)], 0.65, 0.71)
(6, [(55, 64), (56, 64), (57, 65), (54, 64), (54, 64), (58, 64)], 0.52, 0.66)
(2, [(57, 65), (58, 64)], 1.0, 0.0)
(3, [(57, 65), (54, 64), (54, 64)], 0.65, 0.71)
(3, [(57, 64), (54, 64), (54, 64)], 0.65, 0.71)
(5, [(55, 64), (56, 64), (55, 65), (55, 64), (54, 64)], 0.42, 0.5)
(4, [(55, 64), (56, 64), (54, 63), (54, 63)], 0.7, 0.74)
(4, [(56, 62), (55, 63), (55, 64), (54, 63)], 0.39, 0.45)
(4, [(55, 64), (56, 64), (55, 65), (55, 64)], 0.62, 0.55)
(5, [(55, 64), (56, 64), (56, 65), (53, 65), (54, 65)], 0.65, 0.54)
(3, [(56, 63), (53, 65), (54, 65)], 0.61, 0.56)
(3, [(56, 63), (53, 64), (54, 65)], 0.74, 0.44)
(6, [(55, 64), (56, 63), (56, 64), (54, 65), (54, 64), (56, 64)], 0.55, 0.57)
(5, [(56, 63), (56, 64), (54, 65), (54, 64), (56, 64)], 0.74, 0.67)
(2, [(56, 64), (54, 65)], 1.0, 0.0)
(4, [(56, 64), (56, 64), (54, 64), (54, 65)], 0.91, 0.72)
(3, [(56, 64), (54, 64), (54, 65)], 0.74, 0.44)
(6, [(55, 64), (56, 64), (55, 65), (55, 65), (54, 65), (57, 64)], 0.53, 0.62)
(6, [(55, 64), (56, 64), (55, 65), (54, 65), (54, 65), (57, 64)], 0.56, 0.65)
(6, [(55, 64), (56, 64), (55, 65), (53, 65), (54, 65), (57, 64)], 0.48, 0.51)
(5, [(55, 64), (56, 63), (55, 64), (55, 65), (54, 64)], 0.15, 0.59)
(4, [(56, 63), (54, 65), (54, 65), (54, 64)], 0.51, 0.71)
(3, [(53, 65), (54, 65), (54, 64)], 0.8, 0.23)
(6, [(55, 64), (55, 64), (56, 64), (55, 65), (54, 64), (56, 61)], 0.3, 0.64)
(5, [(55, 64), (55, 64), (56, 64), (55, 65), (54, 64)], 0.42, 0.5)
(6, [(55, 64), (56, 64), (55, 64), (54, 65), (54, 64), (57, 64)], 0.38, 0.64)
(4, [(55, 64), (57, 64), (53, 65), (54, 64)], 0.41, 0.58)
(3, [(55, 64), (57, 64), (53, 65)], 0.45, 0.43)
(3, [(55, 64), (56, 64), (53, 64)], 0.49, 0.54)
(3, [(54, 62), (56, 60), (54, 63)], 0.61, 0.56)
(5, [(55, 63), (55, 64), (56, 65), (55, 65), (54, 64)], 0.57, 0.34)
(5, [(55, 63), (55, 64), (56, 64), (55, 65), (54, 64)], 0.5, 0.15)
(4, [(55, 63), (55, 62), (56, 63), (55, 64)], 0.58, 0.31)
(4, [(54, 64), (54, 63), (54, 63), (56, 63)], 0.56, 0.65)
(3, [(56, 64), (56, 64), (57, 64)], 0.65, 0.71)
(5, [(55, 64), (56, 64), (55, 65), (55, 65), (54, 64)], 0.63, 0.53)
(4, [(55, 63), (56, 62), (55, 64), (54, 64)], 0.47, 0.51)
(3, [(55, 63), (56, 62), (55, 64)], 0.56, 0.45)
(6, [(55, 64), (55, 64), (56, 65), (55, 65), (54, 65), (57, 62)], 0.3, 0.64)
(5, [(55, 64), (55, 64), (56, 65), (55, 64), (54, 64)], 0.19, 0.68)
(5, [(55, 64), (55, 64), (56, 64), (54, 64), (54, 63)], 0.46, 0.58)
(3, [(56, 64), (54, 64), (54, 63)], 0.74, 0.44)
(4, [(55, 64), (55, 62), (53, 64), (54, 64)], 0.62, 0.47)
(3, [(55, 62), (53, 64), (54, 64)], 0.65, 0.51)
(2, [(53, 63), (54, 64)], 1.0, 0.0)
(4, [(55, 63), (55, 64), (55, 64), (55, 63)], 1.0, 1.0)
(5, [(55, 63), (55, 64), (56, 64), (54, 64), (55, 63)], 0.63, 0.53)
(3, [(55, 63), (54, 63), (55, 63)], 0.65, 0.71)
(4, [(55, 63), (55, 64), (55, 63), (54, 64)], 0.77, 0.61)
(3, [(55, 64), (55, 63), (54, 64)], 0.8, 0.23)
(4, [(56, 64), (53, 65), (54, 64), (56, 64)], 0.7, 0.74)
(4, [(56, 64), (54, 64), (55, 63), (56, 64)], 0.77, 0.61)
(3, [(56, 64), (54, 64), (55, 63)], 0.8, 0.23)
(3, [(56, 63), (54, 64), (55, 63)], 0.56, 0.45)
(5, [(55, 64), (56, 64), (57, 65), (54, 65), (54, 64)], 0.59, 0.51)
(3, [(55, 64), (57, 64), (53, 64)], 0.29, 0.42)
(3, [(55, 64), (57, 64), (54, 64)], 0.49, 0.54)
(3, [(56, 64), (56, 64), (55, 64)], 0.65, 0.71)
(3, [(56, 64), (57, 64), (55, 63)], 0.56, 0.45)
(4, [(55, 63), (56, 63), (54, 63), (54, 63)], 0.53, 0.72)
(3, [(56, 63), (54, 62), (55, 63)], 0.56, 0.45)
(6, [(55, 64), (56, 64), (57, 64), (54, 64), (54, 63), (57, 64)], 0.59, 0.61)
(4, [(55, 62), (55, 64), (56, 64), (55, 64)], 0.56, 0.65)
(3, [(55, 63), (55, 63), (54, 62)], 0.65, 0.71)
(4, [(56, 63), (56, 64), (53, 65), (54, 64)], 0.67, 0.58)
(4, [(56, 63), (56, 64), (54, 62), (55, 63)], 0.47, 0.51)
(6, [(55, 64), (56, 64), (56, 65), (55, 65), (54, 65), (57, 62)], 0.39, 0.54)
(4, [(55, 64), (56, 63), (54, 63), (54, 63)], 0.77, 0.61)
(3, [(56, 63), (54, 62), (54, 63)], 0.74, 0.44)
(5, [(56, 64), (56, 64), (53, 65), (54, 64), (58, 64)], 0.44, 0.68)
(5, [(55, 63), (55, 64), (56, 64), (55, 64), (54, 63)], 0.55, 0.56)
(4, [(55, 64), (56, 64), (55, 64), (54, 63)], 0.35, 0.66)
(6, [(55, 64), (56, 64), (56, 65), (55, 64), (54, 65), (57, 62)], 0.34, 0.62)
(6, [(55, 64), (56, 64), (56, 65), (55, 64), (54, 64), (56, 61)], 0.35, 0.64)
(5, [(55, 64), (57, 65), (56, 65), (54, 64), (56, 64)], 0.56, 0.48)
(4, [(55, 64), (57, 64), (57, 65), (54, 64)], 0.73, 0.6)
(4, [(55, 63), (56, 64), (57, 64), (55, 64)], 0.6, 0.45)
(6, [(55, 64), (56, 64), (56, 65), (55, 64), (54, 64), (57, 64)], 0.53, 0.56)
(6, [(55, 64), (56, 64), (57, 65), (55, 64), (54, 64), (57, 64)], 0.53, 0.6)
(2, [(56, 63), (56, 62)], 1.0, 0.0)
(4, [(56, 63), (55, 64), (55, 64), (56, 63)], 1.0, 1.0)
(6, [(55, 62), (56, 63), (56, 64), (55, 64), (55, 64), (57, 64)], 0.59, 0.55)
(5, [(56, 63), (56, 64), (55, 64), (55, 64), (57, 64)], 0.63, 0.58)
(3, [(56, 63), (56, 64), (57, 64)], 0.8, 0.23)
(3, [(56, 64), (55, 64), (57, 64)], 0.29, 0.42)
(3, [(56, 64), (55, 62), (57, 64)], 0.65, 0.51)
(3, [(56, 63), (55, 62), (57, 64)], 0.29, 0.42)
(5, [(55, 64), (56, 64), (57, 65), (54, 64), (57, 64)], 0.53, 0.53)
(2, [(55, 64), (57, 64)], 1.0, 0.0)
(6, [(55, 64), (56, 64), (55, 65), (55, 64), (54, 65), (57, 64)], 0.49, 0.61)
(6, [(55, 64), (56, 64), (55, 64), (54, 64), (54, 65), (57, 64)], 0.38, 0.64)
(5, [(55, 64), (56, 64), (55, 64), (54, 64), (54, 65)], 0.46, 0.58)
(4, [(55, 64), (55, 64), (54, 64), (54, 65)], 0.77, 0.61)
(6, [(55, 64), (56, 64), (56, 64), (54, 65), (54, 64), (58, 64)], 0.38, 0.67)
(4, [(55, 64), (56, 63), (53, 65), (54, 64)], 0.43, 0.53)
(3, [(54, 63), (54, 63), (56, 62)], 0.65, 0.71)
(3, [(54, 63), (54, 62), (56, 62)], 0.74, 0.44)
(4, [(55, 64), (54, 62), (55, 63), (56, 64)], 0.47, 0.51)
(3, [(55, 64), (54, 62), (56, 64)], 0.65, 0.51)
(3, [(55, 63), (54, 61), (56, 63)], 0.65, 0.51)
(3, [(55, 62), (55, 59), (55, 63)], 0.56, 0.59)
(6, [(54, 63), (55, 63), (55, 64), (54, 64), (53, 64), (56, 64)], 0.6, 0.35)
(5, [(54, 63), (55, 64), (54, 64), (53, 64), (56, 64)], 0.55, 0.47)
(4, [(55, 64), (54, 64), (53, 64), (56, 64)], 0.5, 0.53)
(3, [(55, 63), (54, 63), (53, 64)], 0.56, 0.45)
(6, [(55, 64), (56, 64), (57, 65), (53, 65), (54, 65), (57, 64)], 0.59, 0.58)
(5, [(56, 64), (56, 64), (53, 65), (54, 65), (57, 63)], 0.58, 0.75)
(4, [(56, 64), (56, 64), (54, 64), (54, 63)], 0.91, 0.72)
(3, [(54, 63), (56, 61), (54, 63)], 0.65, 0.71)
(2, [(55, 62), (53, 63)], 1.0, 0.0)
(6, [(55, 64), (56, 64), (55, 65), (55, 65), (54, 64), (57, 64)], 0.56, 0.61)
(6, [(55, 64), (55, 63), (55, 65), (55, 64), (54, 64), (56, 64)], 0.29, 0.33)
(5, [(55, 64), (55, 63), (56, 64), (54, 64), (54, 64)], 0.63, 0.58)
(5, [(56, 64), (57, 64), (53, 65), (54, 64), (57, 64)], 0.61, 0.74)
(4, [(55, 63), (55, 64), (55, 63), (56, 63)], 0.62, 0.55)
(3, [(55, 63), (55, 64), (55, 63)], 0.65, 0.71)
(6, [(55, 61), (55, 64), (56, 65), (55, 64), (54, 64), (56, 64)], 0.33, 0.63)
(3, [(57, 64), (55, 64), (54, 64)], 0.49, 0.54)
(2, [(57, 64), (55, 64)], 1.0, 0.0)
(5, [(55, 64), (56, 64), (56, 64), (56, 65), (54, 64)], 0.58, 0.64)
(3, [(56, 64), (55, 63), (54, 64)], 0.8, 0.23)
(6, [(55, 64), (55, 64), (56, 65), (55, 64), (54, 65), (56, 61)], 0.1, 0.66)
(4, [(55, 64), (55, 64), (56, 65), (55, 64)], 0.42, 0.76)
(4, [(54, 63), (55, 63), (54, 63), (55, 62)], 0.77, 0.61)
(3, [(54, 63), (54, 63), (55, 62)], 0.65, 0.71)
(7, [(55, 64), (56, 65), (55, 65), (54, 64), (54, 65), (57, 64), (56, 64)], 0.6, 0.35)
(5, [(55, 63), (56, 65), (55, 64), (54, 64), (57, 64)], 0.64, 0.38)
(4, [(55, 63), (56, 64), (54, 64), (54, 64)], 0.77, 0.61)
(4, [(55, 62), (55, 64), (54, 64), (54, 64)], 0.59, 0.66)
(6, [(55, 64), (56, 65), (55, 65), (54, 64), (54, 65), (56, 64)], 0.68, 0.11)
(4, [(55, 64), (55, 64), (54, 63), (56, 63)], 0.62, 0.55)
(4, [(55, 63), (55, 64), (54, 63), (56, 63)], 0.58, 0.31)
(4, [(55, 64), (56, 64), (56, 65), (55, 64)], 0.77, 0.61)
(6, [(55, 64), (56, 64), (56, 65), (55, 65), (54, 64), (57, 62)], 0.44, 0.52)
(5, [(55, 64), (55, 64), (55, 65), (55, 65), (54, 64)], 0.73, 0.81)
(5, [(55, 64), (55, 63), (56, 64), (56, 64), (54, 64)], 0.63, 0.58)
(3, [(56, 64), (56, 64), (54, 64)], 0.65, 0.71)
(3, [(56, 64), (56, 65), (58, 64)], 0.74, 0.44)
(5, [(55, 64), (56, 64), (56, 65), (54, 64), (56, 64)], 0.58, 0.64)
(3, [(56, 64), (56, 64), (55, 63)], 0.65, 0.71)
(4, [(55, 64), (57, 64), (55, 64), (54, 64)], 0.26, 0.7)
(4, [(55, 64), (57, 64), (55, 63), (54, 63)], 0.5, 0.51)
(3, [(55, 64), (57, 64), (55, 63)], 0.74, 0.44)
(5, [(55, 64), (57, 65), (54, 65), (54, 64), (56, 64)], 0.59, 0.51)
(5, [(55, 64), (57, 64), (54, 65), (54, 64), (56, 64)], 0.53, 0.53)
(4, [(55, 64), (57, 64), (54, 65), (54, 64)], 0.45, 0.56)
(3, [(55, 64), (57, 64), (54, 65)], 0.56, 0.45)
(5, [(55, 63), (56, 64), (56, 64), (56, 65), (54, 63)], 0.62, 0.68)
(4, [(56, 64), (56, 64), (57, 65), (54, 63)], 0.23, 0.68)
(3, [(56, 63), (57, 63), (54, 63)], 0.49, 0.54)
(6, [(55, 64), (56, 64), (55, 64), (54, 65), (54, 65), (57, 64)], 0.47, 0.82)
(5, [(55, 64), (56, 64), (53, 66), (53, 65), (54, 65)], 0.54, 0.57)
(5, [(55, 64), (56, 64), (53, 65), (53, 65), (54, 65)], 0.6, 0.73)
(5, [(55, 64), (56, 64), (52, 65), (53, 65), (54, 65)], 0.53, 0.59)
(4, [(55, 64), (52, 65), (53, 65), (54, 65)], 0.52, 0.53)
(3, [(53, 63), (53, 63), (54, 63)], 0.65, 0.71)
(3, [(53, 62), (54, 63), (54, 63)], 0.65, 0.71)
(5, [(55, 62), (55, 63), (56, 64), (55, 64), (54, 64)], 0.6, 0.39)
(5, [(55, 62), (55, 63), (56, 64), (54, 65), (54, 64)], 0.68, 0.43)
(6, [(55, 61), (55, 64), (56, 64), (56, 65), (54, 63), (56, 64)], 0.5, 0.63)
(5, [(55, 63), (56, 64), (56, 64), (54, 63), (55, 64)], 0.64, 0.62)
(4, [(55, 63), (56, 64), (56, 64), (54, 63)], 0.7, 0.74)
(5, [(55, 64), (56, 64), (55, 64), (54, 64), (56, 63)], 0.46, 0.58)
(5, [(55, 64), (56, 64), (56, 65), (54, 64), (56, 63)], 0.6, 0.39)
(4, [(55, 64), (56, 64), (56, 64), (54, 64)], 0.53, 0.72)
(2, [(54, 65), (54, 65)], 1.0, 1.0)
(4, [(55, 64), (56, 64), (53, 64), (54, 64)], 0.5, 0.53)
(5, [(55, 64), (57, 65), (55, 64), (54, 64), (56, 64)], 0.42, 0.68)
(3, [(55, 64), (56, 63), (54, 65)], 0.29, 0.42)
(6, [(55, 64), (56, 64), (57, 65), (53, 64), (54, 64), (57, 64)], 0.51, 0.57)
(5, [(55, 64), (56, 64), (57, 64), (54, 64), (54, 63)], 0.53, 0.53)
(4, [(56, 64), (57, 64), (54, 64), (54, 63)], 0.73, 0.6)
(4, [(56, 63), (58, 63), (54, 63), (55, 63)], 0.37, 0.61)
(4, [(55, 63), (58, 62), (54, 63), (55, 63)], 0.36, 0.72)
(1, [(59, 60)], 0.0, 1.0)
(4, [(55, 63), (59, 59), (54, 63), (55, 63)], 0.42, 0.73)
(5, [(55, 63), (56, 64), (56, 65), (54, 64), (56, 64)], 0.67, 0.53)
(5, [(55, 61), (56, 64), (55, 65), (55, 64), (55, 64)], 0.31, 0.67)
(3, [(55, 61), (54, 64), (55, 63)], 0.56, 0.45)
(4, [(55, 61), (56, 63), (54, 64), (55, 64)], 0.7, 0.5)
(5, [(55, 64), (55, 64), (56, 63), (54, 65), (54, 64)], 0.32, 0.63)
(3, [(55, 64), (53, 64), (55, 64)], 0.65, 0.71)
(4, [(56, 64), (56, 65), (53, 65), (54, 65)], 0.73, 0.6)
(3, [(56, 64), (53, 65), (54, 65)], 0.54, 0.55)
(2, [(53, 65), (54, 63)], 1.0, 0.0)
(4, [(55, 63), (56, 64), (56, 65), (55, 63)], 0.7, 0.74)
(3, [(56, 64), (57, 65), (55, 63)], 0.29, 0.42)
(5, [(55, 64), (56, 63), (54, 64), (54, 64), (55, 63)], 0.64, 0.62)
(5, [(56, 63), (57, 64), (54, 65), (54, 64), (56, 64)], 0.69, 0.51)
(3, [(57, 64), (54, 63), (54, 63)], 0.65, 0.71)
(3, [(56, 64), (54, 62), (55, 63)], 0.29, 0.42)
(6, [(55, 63), (55, 64), (56, 64), (56, 64), (54, 64), (56, 63)], 0.67, 0.51)
(5, [(55, 63), (56, 64), (55, 64), (55, 64), (54, 63)], 0.55, 0.56)
(3, [(54, 64), (55, 64), (54, 63)], 0.8, 0.23)
(4, [(55, 62), (55, 64), (54, 65), (54, 64)], 0.5, 0.51)
(4, [(55, 62), (55, 64), (53, 64), (54, 64)], 0.62, 0.47)
(4, [(55, 64), (55, 64), (54, 65), (54, 64)], 0.77, 0.61)
(3, [(55, 64), (55, 64), (53, 64)], 0.65, 0.71)
(3, [(55, 64), (56, 65), (56, 64)], 0.8, 0.23)
(5, [(55, 64), (55, 64), (56, 63), (53, 65), (54, 64)], 0.34, 0.65)
(5, [(55, 64), (56, 64), (54, 65), (53, 65), (54, 64)], 0.56, 0.48)
(3, [(52, 64), (53, 64), (54, 64)], 0.29, 0.42)
(6, [(55, 63), (55, 64), (56, 65), (54, 65), (54, 64), (56, 64)], 0.61, 0.23)
(6, [(55, 61), (55, 64), (55, 65), (54, 65), (54, 64), (56, 64)], 0.39, 0.53)
(4, [(55, 63), (55, 64), (54, 64), (55, 63)], 0.77, 0.61)
(4, [(55, 60), (55, 63), (55, 64), (54, 64)], 0.41, 0.62)
(3, [(54, 64), (55, 64), (54, 64)], 0.65, 0.71)
(3, [(55, 62), (56, 64), (55, 63)], 0.56, 0.45)
(5, [(55, 64), (56, 64), (54, 65), (54, 64), (54, 64)], 0.58, 0.64)
(5, [(55, 64), (56, 64), (53, 65), (53, 64), (54, 64)], 0.53, 0.53)
(4, [(55, 64), (53, 64), (53, 64), (54, 64)], 0.53, 0.72)
(3, [(54, 63), (54, 64), (54, 63)], 0.65, 0.71)
(6, [(55, 64), (56, 64), (55, 64), (53, 65), (54, 65), (57, 64)], 0.4, 0.68)
(5, [(55, 64), (56, 64), (55, 65), (53, 65), (54, 65)], 0.56, 0.48)
(5, [(55, 63), (55, 63), (56, 64), (55, 65), (54, 64)], 0.84, 0.4)
(4, [(55, 63), (56, 64), (54, 65), (54, 64)], 0.81, 0.32)
(4, [(55, 62), (55, 64), (55, 64), (54, 64)], 0.56, 0.65)
(3, [(55, 64), (56, 63), (56, 64)], 0.8, 0.23)
(3, [(55, 64), (56, 63), (55, 64)], 0.65, 0.71)
(3, [(55, 63), (56, 63), (54, 64)], 0.56, 0.45)
(4, [(55, 62), (56, 64), (56, 65), (55, 64)], 0.5, 0.51)
(4, [(55, 62), (56, 64), (56, 64), (55, 64)], 0.59, 0.66)
(3, [(56, 64), (54, 64), (56, 63)], 0.74, 0.44)
(4, [(55, 62), (56, 64), (55, 63), (56, 63)], 0.62, 0.37)
(5, [(55, 62), (56, 63), (55, 63), (54, 64), (56, 63)], 0.5, 0.63)
(5, [(55, 62), (54, 65), (55, 64), (54, 64), (56, 64)], 0.53, 0.44)
(4, [(55, 61), (54, 64), (55, 63), (54, 63)], 0.5, 0.51)
(7, [(55, 60), (55, 63), (55, 64), (55, 64), (55, 63), (54, 64), (56, 63)], 0.12, 0.73)
(4, [(55, 62), (56, 63), (55, 63), (54, 63)], 0.58, 0.31)
(6, [(55, 64), (56, 63), (56, 65), (55, 65), (54, 64), (56, 64)], 0.63, 0.26)
(4, [(55, 63), (55, 64), (55, 64), (56, 63)], 0.77, 0.61)
(4, [(55, 62), (56, 63), (55, 63), (55, 63)], 0.62, 0.55)
(4, [(55, 62), (56, 63), (55, 63), (55, 62)], 0.77, 0.61)
(7, [(55, 64), (56, 64), (56, 65), (55, 65), (54, 64), (58, 64), (57, 64)], 0.5, 0.47)
(2, [(56, 61), (55, 63)], 1.0, 0.0)
(3, [(55, 64), (54, 64), (55, 63)], 0.8, 0.23)
(4, [(55, 64), (56, 63), (55, 63), (56, 62)], 0.62, 0.37)
(3, [(56, 63), (55, 63), (56, 62)], 0.8, 0.23)
(5, [(55, 64), (56, 64), (55, 64), (53, 65), (54, 65)], 0.54, 0.7)
(4, [(55, 64), (55, 64), (53, 65), (54, 65)], 0.7, 0.74)
(4, [(55, 64), (55, 64), (53, 64), (54, 65)], 0.77, 0.61)
(4, [(55, 63), (55, 64), (54, 63), (54, 64)], 1.0, 0.0)
(4, [(55, 63), (55, 64), (54, 63), (53, 63)], 0.6, 0.45)
(4, [(55, 63), (55, 64), (54, 62), (53, 63)], 0.81, 0.32)
(3, [(56, 62), (54, 63), (54, 62)], 0.74, 0.44)
(2, [(55, 63), (53, 61)], 1.0, 0.0)
(2, [(55, 63), (53, 60)], 1.0, 0.0)
(2, [(55, 63), (52, 59)], 1.0, 0.0)
(5, [(56, 64), (56, 65), (53, 65), (54, 64), (57, 64)], 0.64, 0.57)
(4, [(56, 64), (55, 64), (53, 65), (54, 64)], 0.52, 0.53)
(4, [(55, 64), (56, 65), (55, 64), (56, 64)], 0.77, 0.61)
(5, [(55, 62), (55, 64), (55, 64), (54, 64), (56, 64)], 0.5, 0.57)
(4, [(55, 62), (56, 63), (55, 64), (54, 64)], 0.81, 0.32)
(4, [(55, 64), (56, 64), (54, 63), (55, 63)], 0.62, 0.37)
(3, [(55, 64), (55, 63), (56, 62)], 0.56, 0.45)
(5, [(55, 61), (55, 64), (55, 65), (54, 64), (56, 64)], 0.45, 0.54)
(4, [(55, 61), (55, 64), (54, 65), (54, 64)], 0.45, 0.58)
(4, [(55, 61), (55, 64), (54, 64), (54, 64)], 0.51, 0.69)
(5, [(55, 64), (56, 64), (55, 65), (53, 64), (54, 64)], 0.55, 0.47)
(4, [(55, 63), (55, 64), (53, 63), (54, 63)], 0.6, 0.45)
(4, [(55, 63), (55, 64), (54, 62), (54, 63)], 0.62, 0.37)
(4, [(55, 64), (57, 64), (56, 65), (55, 63)], 0.81, 0.32)
(4, [(55, 64), (57, 64), (56, 64), (55, 63)], 0.6, 0.45)
(3, [(55, 64), (57, 64), (56, 64)], 0.29, 0.42)
(5, [(55, 64), (56, 63), (55, 64), (54, 65), (54, 64)], 0.32, 0.63)
(5, [(55, 63), (55, 63), (56, 64), (55, 64), (54, 64)], 0.63, 0.53)
(3, [(56, 64), (55, 65), (54, 64)], 0.8, 0.23)
(5, [(55, 64), (57, 64), (54, 64), (54, 64), (56, 64)], 0.49, 0.72)
(4, [(55, 64), (57, 64), (54, 64), (54, 64)], 0.29, 0.73)
(2, [(57, 64), (54, 64)], 1.0, 0.0)
(5, [(55, 64), (56, 64), (57, 64), (56, 65), (54, 64)], 0.55, 0.47)
(4, [(56, 64), (57, 64), (57, 65), (54, 64)], 0.45, 0.56)
(3, [(56, 64), (57, 64), (58, 64)], 0.29, 0.42)
(2, [(57, 64), (58, 64)], 1.0, 0.0)
(4, [(56, 64), (57, 64), (58, 64), (54, 64)], 0.37, 0.61)
(3, [(56, 63), (56, 63), (57, 63)], 0.65, 0.71)
(3, [(56, 63), (56, 63), (56, 62)], 0.65, 0.71)
(5, [(55, 64), (56, 64), (56, 63), (53, 65), (54, 64)], 0.45, 0.55)
(5, [(55, 64), (56, 63), (56, 64), (55, 64), (54, 64)], 0.46, 0.58)
(5, [(55, 64), (56, 65), (54, 65), (55, 64), (56, 64)], 0.58, 0.57)
(4, [(55, 64), (54, 64), (54, 63), (55, 63)], 1.0, 0.0)
(3, [(56, 64), (57, 63), (57, 64)], 0.8, 0.23)
(5, [(55, 64), (55, 63), (56, 64), (53, 64), (54, 64)], 0.55, 0.47)
(5, [(55, 64), (55, 63), (56, 64), (53, 63), (54, 63)], 0.56, 0.48)
(5, [(55, 63), (56, 63), (56, 64), (53, 63), (54, 63)], 0.53, 0.53)
(4, [(55, 63), (56, 64), (54, 62), (55, 63)], 0.0, 0.65)
(5, [(55, 63), (56, 62), (56, 64), (54, 62), (55, 63)], 0.42, 0.5)
(5, [(55, 64), (56, 64), (57, 64), (55, 64), (54, 65)], 0.43, 0.64)
(2, [(55, 64), (54, 65)], 1.0, 0.0)
(4, [(56, 63), (56, 64), (55, 64), (54, 64)], 0.6, 0.45)
(3, [(58, 61), (55, 63), (55, 63)], 0.65, 0.71)
(6, [(55, 64), (56, 64), (56, 65), (55, 65), (53, 64), (57, 63)], 0.42, 0.47)
(6, [(55, 64), (56, 64), (57, 65), (54, 65), (53, 64), (57, 63)], 0.52, 0.45)
(5, [(55, 64), (56, 64), (57, 64), (53, 65), (53, 64)], 0.54, 0.61)
(5, [(55, 64), (56, 64), (57, 64), (53, 64), (53, 64)], 0.52, 0.77)
(3, [(54, 64), (53, 64), (54, 64)], 0.65, 0.71)
(5, [(54, 64), (56, 63), (56, 64), (53, 64), (54, 64)], 0.62, 0.68)
(3, [(55, 63), (54, 63), (55, 64)], 0.8, 0.23)
(5, [(55, 64), (56, 64), (57, 65), (56, 65), (54, 65)], 0.59, 0.44)
(4, [(56, 64), (57, 64), (57, 65), (54, 65)], 0.53, 0.55)
(4, [(56, 64), (57, 64), (58, 64), (54, 65)], 0.4, 0.61)
(1, [(54, 60)], 0.0, 1.0)
(3, [(54, 60), (56, 63), (56, 62)], 0.61, 0.56)
(5, [(55, 64), (56, 65), (56, 64), (54, 64), (56, 64)], 0.58, 0.64)
(5, [(55, 64), (57, 64), (57, 65), (54, 64), (56, 64)], 0.53, 0.53)
(6, [(55, 64), (56, 63), (55, 65), (54, 65), (54, 64), (56, 64)], 0.56, 0.35)
(4, [(56, 63), (56, 64), (54, 65), (54, 64)], 0.83, 0.5)
(3, [(55, 64), (54, 64), (54, 65)], 0.8, 0.23)
(3, [(56, 65), (56, 64), (56, 64)], 0.65, 0.71)
(5, [(55, 64), (55, 64), (54, 65), (54, 64), (56, 62)], 0.28, 0.67)
(4, [(55, 64), (55, 64), (53, 65), (54, 64)], 0.53, 0.71)
(4, [(55, 64), (55, 63), (53, 64), (54, 64)], 0.6, 0.45)
(5, [(55, 63), (55, 64), (57, 64), (55, 64), (54, 64)], 0.34, 0.62)
(3, [(53, 65), (54, 64), (54, 64)], 0.65, 0.71)
(5, [(55, 63), (55, 64), (55, 64), (54, 64), (56, 64)], 0.42, 0.5)
(4, [(55, 63), (55, 64), (54, 65), (54, 64)], 0.62, 0.37)
(4, [(55, 63), (55, 64), (54, 63), (55, 62)], 0.58, 0.31)
(6, [(55, 64), (56, 64), (56, 65), (55, 64), (54, 65), (56, 61)], 0.27, 0.63)
(3, [(55, 63), (53, 64), (54, 63)], 0.56, 0.45)
(3, [(55, 62), (54, 63), (54, 63)], 0.65, 0.71)
(7, [(55, 64), (56, 65), (55, 65), (54, 64), (54, 65), (56, 64), (56, 64)], 0.69, 0.36)
(6, [(55, 64), (55, 64), (56, 65), (55, 64), (54, 64), (57, 62)], 0.26, 0.65)
(6, [(55, 64), (55, 64), (56, 64), (56, 65), (54, 64), (57, 62)], 0.39, 0.63)
(4, [(55, 64), (56, 64), (57, 64), (55, 63)], 0.6, 0.45)
(5, [(56, 64), (57, 64), (55, 64), (54, 65), (57, 64)], 0.5, 0.71)
(6, [(55, 64), (56, 64), (55, 64), (53, 65), (54, 64), (57, 64)], 0.28, 0.66)
(3, [(57, 62), (53, 64), (54, 64)], 0.61, 0.6)
(3, [(57, 62), (54, 63), (55, 63)], 0.54, 0.55)
(5, [(55, 64), (56, 64), (56, 65), (55, 65), (58, 64)], 0.46, 0.5)
(5, [(55, 64), (56, 63), (56, 64), (56, 65), (57, 64)], 0.5, 0.15)
(3, [(55, 64), (56, 64), (57, 65)], 0.56, 0.45)
(6, [(55, 64), (56, 63), (57, 64), (56, 65), (54, 64), (56, 64)], 0.58, 0.4)
(5, [(56, 63), (57, 64), (57, 65), (54, 64), (56, 64)], 0.4, 0.49)
(3, [(57, 64), (57, 64), (54, 64)], 0.65, 0.71)
(3, [(57, 64), (57, 64), (55, 63)], 0.65, 0.71)
(3, [(56, 63), (57, 64), (54, 62)], 0.47, 0.5)
(3, [(55, 63), (56, 63), (54, 61)], 0.65, 0.51)
(6, [(55, 63), (55, 64), (56, 64), (54, 65), (54, 64), (56, 64)], 0.52, 0.53)
(5, [(55, 64), (56, 64), (54, 64), (54, 63), (56, 63)], 0.7, 0.27)
(6, [(55, 63), (55, 64), (57, 64), (54, 65), (54, 64), (56, 64)], 0.52, 0.45)
(5, [(55, 63), (55, 64), (57, 64), (54, 65), (54, 64)], 0.4, 0.49)
(3, [(55, 64), (56, 64), (55, 63)], 0.8, 0.23)
(4, [(56, 64), (55, 65), (53, 65), (54, 65)], 0.52, 0.53)
(3, [(54, 64), (53, 65), (54, 65)], 0.8, 0.23)
(3, [(55, 62), (54, 63), (54, 64)], 0.56, 0.45)
(3, [(55, 63), (56, 64), (53, 64)], 0.69, 0.43)
(6, [(55, 64), (56, 64), (57, 65), (54, 65), (54, 64), (58, 64)], 0.55, 0.52)
(4, [(55, 64), (56, 64), (57, 64), (58, 64)], 0.5, 0.53)
(4, [(55, 64), (56, 64), (57, 64), (54, 63)], 0.52, 0.53)
(5, [(55, 64), (56, 64), (56, 64), (57, 65), (54, 64)], 0.43, 0.64)
(4, [(55, 64), (56, 63), (57, 63), (54, 64)], 0.62, 0.55)
(3, [(56, 63), (57, 63), (54, 64)], 0.54, 0.55)
(5, [(55, 63), (55, 64), (56, 64), (56, 65), (54, 64)], 0.57, 0.34)
(4, [(55, 64), (55, 63), (56, 62), (54, 63)], 0.39, 0.45)
(3, [(55, 64), (56, 62), (54, 63)], 0.83, 0.31)
(2, [(55, 64), (56, 62)], 1.0, 0.0)
(5, [(55, 64), (57, 64), (56, 65), (54, 64), (56, 64)], 0.55, 0.47)
(4, [(55, 64), (57, 64), (57, 64), (54, 64)], 0.72, 0.8)
(3, [(56, 64), (57, 64), (54, 62)], 0.61, 0.56)
(5, [(55, 64), (55, 63), (55, 65), (54, 64), (56, 64)], 0.5, 0.15)
(5, [(55, 64), (55, 63), (55, 64), (54, 63), (56, 64)], 0.55, 0.56)
(4, [(55, 63), (54, 64), (54, 63), (56, 64)], 0.7, 0.42)
(3, [(54, 63), (54, 63), (54, 62)], 0.65, 0.71)
(6, [(55, 64), (55, 64), (56, 64), (54, 65), (54, 64), (57, 62)], 0.27, 0.66)
(4, [(56, 64), (56, 64), (54, 64), (55, 63)], 0.77, 0.61)
(6, [(55, 64), (56, 64), (57, 64), (55, 65), (54, 65), (57, 64)], 0.6, 0.63)
(3, [(55, 62), (54, 63), (55, 62)], 0.65, 0.71)
(5, [(55, 64), (54, 65), (55, 64), (54, 64), (56, 64)], 0.46, 0.58)
(5, [(55, 64), (53, 64), (55, 64), (54, 64), (56, 64)], 0.41, 0.68)
(6, [(55, 64), (55, 64), (56, 65), (55, 64), (54, 64), (56, 61)], 0.21, 0.67)
(6, [(55, 63), (56, 64), (56, 64), (56, 65), (54, 63), (56, 61)], 0.53, 0.63)
(4, [(56, 64), (56, 64), (57, 64), (54, 63)], 0.32, 0.7)
(3, [(56, 64), (57, 64), (54, 63)], 0.54, 0.55)
(4, [(55, 64), (56, 64), (54, 62), (55, 63)], 0.47, 0.51)
(5, [(55, 64), (56, 64), (57, 64), (54, 65), (54, 65)], 0.6, 0.72)
(5, [(55, 64), (56, 64), (57, 64), (53, 65), (54, 65)], 0.53, 0.59)
(4, [(56, 64), (57, 64), (53, 65), (54, 65)], 0.7, 0.66)
(3, [(57, 64), (53, 65), (54, 65)], 0.58, 0.59)
(6, [(55, 63), (56, 64), (55, 65), (55, 64), (54, 63), (56, 61)], 0.45, 0.51)
(3, [(54, 63), (54, 63), (54, 63)], 1.0, 1.0)
(4, [(55, 64), (56, 64), (56, 65), (57, 63)], 0.39, 0.45)
(5, [(55, 64), (56, 64), (54, 65), (55, 64), (54, 64)], 0.46, 0.58)
(5, [(55, 64), (56, 64), (53, 65), (55, 64), (54, 64)], 0.42, 0.68)
(4, [(55, 64), (53, 65), (55, 64), (54, 64)], 0.53, 0.71)
(4, [(55, 64), (53, 65), (54, 63), (54, 64)], 0.39, 0.45)
(5, [(55, 63), (55, 63), (56, 63), (55, 64), (54, 64)], 0.55, 0.56)
(4, [(55, 63), (56, 62), (55, 64), (54, 63)], 0.39, 0.45)
(4, [(56, 64), (56, 63), (53, 64), (54, 64)], 0.73, 0.6)
(5, [(55, 64), (55, 64), (54, 64), (54, 63), (56, 64)], 0.46, 0.58)
(4, [(55, 64), (55, 64), (54, 64), (54, 63)], 0.77, 0.61)
(4, [(55, 64), (54, 64), (54, 64), (54, 63)], 0.62, 0.55)
(5, [(56, 63), (55, 64), (54, 65), (54, 64), (56, 64)], 0.46, 0.4)
(5, [(55, 64), (56, 64), (57, 64), (56, 64), (54, 64)], 0.41, 0.68)
(2, [(57, 63), (56, 63)], 1.0, 0.0)
(5, [(55, 64), (56, 64), (57, 63), (56, 63), (54, 64)], 0.56, 0.48)
(3, [(56, 64), (57, 63), (56, 63)], 0.8, 0.23)
(3, [(55, 64), (55, 62), (56, 63)], 0.8, 0.23)
(6, [(55, 63), (55, 64), (56, 64), (55, 64), (55, 63), (56, 61)], 0.35, 0.76)
(5, [(55, 63), (55, 64), (56, 64), (55, 64), (55, 63)], 0.73, 0.81)
(4, [(55, 64), (56, 64), (55, 64), (55, 63)], 0.62, 0.55)
(3, [(56, 64), (55, 64), (55, 63)], 0.8, 0.23)
(4, [(55, 64), (55, 63), (55, 64), (55, 62)], 0.53, 0.72)
(4, [(56, 63), (56, 64), (55, 63), (56, 64)], 0.77, 0.61)
(5, [(56, 63), (56, 64), (55, 63), (54, 63), (56, 64)], 0.66, 0.65)
(4, [(56, 63), (56, 64), (55, 63), (54, 63)], 0.6, 0.45)
(3, [(55, 63), (55, 62), (54, 62)], 0.8, 0.23)
(5, [(55, 61), (55, 64), (54, 65), (54, 64), (56, 64)], 0.46, 0.54)
(3, [(55, 64), (54, 63), (55, 64)], 0.65, 0.71)
(4, [(55, 64), (56, 64), (56, 65), (56, 64)], 0.62, 0.55)
(6, [(55, 63), (55, 64), (55, 64), (55, 64), (54, 63), (56, 61)], 0.34, 0.7)
(4, [(55, 63), (55, 64), (54, 64), (54, 63)], 1.0, 0.0)
(5, [(55, 62), (55, 64), (56, 64), (55, 64), (54, 64)], 0.5, 0.57)
(4, [(55, 62), (56, 64), (55, 65), (54, 64)], 0.77, 0.35)
(6, [(55, 64), (56, 64), (56, 65), (54, 65), (54, 65), (57, 63)], 0.54, 0.66)
(3, [(55, 63), (55, 63), (56, 64)], 0.65, 0.71)
(4, [(55, 64), (56, 63), (53, 64), (54, 64)], 0.52, 0.53)
(5, [(55, 62), (55, 64), (56, 64), (54, 64), (54, 64)], 0.62, 0.58)
(5, [(55, 62), (55, 64), (56, 63), (55, 64), (54, 64)], 0.67, 0.53)
(6, [(55, 64), (56, 64), (55, 65), (53, 65), (54, 64), (58, 64)], 0.36, 0.57)
(4, [(55, 64), (56, 64), (57, 64), (53, 64)], 0.37, 0.61)
(4, [(55, 63), (56, 64), (57, 64), (54, 64)], 0.63, 0.44)
(4, [(55, 63), (56, 61), (55, 64), (54, 64)], 0.31, 0.59)
(5, [(56, 63), (56, 64), (57, 65), (54, 64), (56, 64)], 0.3, 0.58)
(6, [(55, 64), (56, 64), (56, 64), (55, 64), (54, 64), (58, 64)], 0.25, 0.79)
(5, [(55, 63), (56, 64), (56, 64), (55, 64), (54, 64)], 0.63, 0.58)
(5, [(55, 63), (55, 64), (56, 63), (55, 64), (54, 64)], 0.55, 0.56)
(4, [(55, 64), (56, 63), (56, 64), (55, 63)], 1.0, 0.0)
(3, [(56, 62), (55, 64), (54, 63)], 0.83, 0.31)
(3, [(55, 63), (55, 63), (54, 64)], 0.65, 0.71)
(4, [(55, 63), (56, 64), (55, 65), (54, 63)], 0.81, 0.32)
(5, [(55, 63), (56, 64), (56, 64), (54, 63), (55, 63)], 0.6, 0.87)
(5, [(55, 63), (56, 63), (56, 64), (54, 62), (55, 63)], 0.32, 0.63)
(4, [(55, 63), (56, 63), (56, 63), (54, 62)], 0.53, 0.71)
(6, [(55, 64), (56, 64), (56, 64), (55, 65), (54, 64), (56, 61)], 0.4, 0.64)
(6, [(55, 64), (56, 64), (56, 64), (54, 65), (54, 64), (56, 61)], 0.41, 0.64)
(5, [(55, 64), (56, 64), (56, 64), (53, 64), (54, 64)], 0.49, 0.72)
(3, [(55, 64), (54, 62), (55, 63)], 0.56, 0.45)
(4, [(56, 64), (55, 64), (53, 65), (54, 65)], 0.62, 0.55)
(5, [(55, 63), (55, 64), (56, 63), (54, 64), (54, 64)], 0.64, 0.62)
(3, [(55, 63), (55, 64), (56, 63)], 0.8, 0.23)
(3, [(55, 63), (56, 62), (53, 63)], 0.56, 0.45)
(3, [(55, 63), (56, 62), (54, 63)], 0.56, 0.45)
(3, [(55, 63), (56, 62), (54, 62)], 0.8, 0.23)
(4, [(55, 61), (56, 64), (54, 65), (54, 64)], 0.63, 0.5)
(7, [(55, 64), (55, 65), (55, 65), (54, 64), (53, 64), (56, 64), (56, 64)], 0.54, 0.74)
(6, [(55, 63), (55, 64), (54, 64), (54, 64), (53, 64), (55, 64)], 0.53, 0.75)
(4, [(55, 64), (53, 64), (54, 64), (55, 64)], 0.53, 0.72)
(3, [(55, 63), (53, 64), (55, 63)], 0.65, 0.71)
(2, [(55, 60), (54, 63)], 1.0, 0.0)
(6, [(55, 64), (56, 64), (56, 65), (55, 65), (53, 64), (57, 64)], 0.43, 0.51)
(6, [(55, 64), (56, 64), (57, 65), (55, 64), (53, 64), (57, 64)], 0.38, 0.67)
(5, [(55, 64), (56, 64), (57, 64), (55, 64), (53, 64)], 0.21, 0.69)
(5, [(55, 63), (56, 63), (57, 64), (55, 64), (54, 63)], 0.56, 0.46)
(4, [(56, 63), (57, 64), (55, 64), (54, 63)], 0.62, 0.37)
(5, [(56, 64), (57, 65), (54, 65), (54, 65), (58, 64)], 0.64, 0.68)
(3, [(57, 61), (55, 64), (55, 63)], 0.61, 0.56)
(5, [(56, 64), (55, 64), (53, 65), (54, 65), (57, 64)], 0.53, 0.59)
(4, [(55, 63), (55, 64), (56, 64), (54, 64)], 0.58, 0.31)
(4, [(55, 63), (55, 64), (56, 64), (54, 62)], 0.47, 0.51)
(6, [(55, 64), (55, 64), (55, 65), (55, 64), (54, 64), (56, 61)], 0.13, 0.7)
(5, [(55, 64), (55, 64), (54, 65), (55, 64), (54, 64)], 0.64, 0.66)
(3, [(54, 63), (55, 64), (54, 64)], 0.8, 0.23)
(6, [(55, 64), (56, 63), (55, 64), (54, 65), (54, 64), (56, 64)], 0.26, 0.53)
(5, [(56, 63), (55, 64), (53, 65), (54, 64), (56, 64)], 0.45, 0.55)
(4, [(55, 64), (53, 65), (54, 64), (56, 64)], 0.52, 0.53)
(5, [(56, 63), (56, 64), (55, 64), (54, 63), (56, 64)], 0.62, 0.62)
(5, [(55, 63), (55, 64), (55, 63), (54, 62), (56, 64)], 0.32, 0.63)
(5, [(56, 63), (54, 65), (53, 65), (54, 64), (56, 64)], 0.65, 0.54)
(5, [(56, 63), (54, 64), (54, 64), (54, 63), (56, 64)], 0.83, 0.62)
(4, [(54, 64), (54, 63), (54, 63), (55, 63)], 0.62, 0.55)
(2, [(54, 63), (54, 61)], 1.0, 0.0)
(5, [(54, 64), (56, 64), (56, 65), (55, 64), (54, 65)], 0.7, 0.27)
(5, [(54, 64), (56, 64), (57, 64), (55, 64), (54, 65)], 0.53, 0.53)
(4, [(56, 64), (56, 64), (54, 65), (54, 65)], 1.0, 1.0)
(5, [(55, 64), (55, 63), (56, 64), (56, 65), (54, 64)], 0.57, 0.34)
(5, [(55, 64), (55, 63), (56, 64), (55, 65), (54, 64)], 0.5, 0.15)
(5, [(55, 63), (56, 64), (55, 65), (55, 64), (54, 64)], 0.5, 0.15)
(5, [(55, 63), (56, 64), (54, 65), (55, 64), (54, 64)], 0.57, 0.34)
(3, [(54, 63), (55, 62), (54, 64)], 0.56, 0.45)
(4, [(55, 64), (55, 65), (54, 65), (54, 65)], 0.77, 0.61)
(3, [(55, 64), (55, 65), (55, 64)], 0.65, 0.71)
(3, [(55, 62), (53, 64), (54, 63)], 0.29, 0.42)
(5, [(55, 63), (55, 64), (55, 64), (55, 63), (56, 63)], 0.73, 0.81)
(2, [(55, 61), (54, 63)], 1.0, 0.0)
(5, [(55, 63), (55, 63), (56, 64), (54, 64), (54, 63)], 0.58, 0.57)
(3, [(56, 64), (56, 65), (57, 63)], 0.56, 0.45)
(5, [(55, 64), (56, 64), (56, 64), (55, 65), (54, 64)], 0.63, 0.58)
(5, [(55, 63), (55, 64), (56, 64), (54, 65), (54, 64)], 0.57, 0.34)
(5, [(55, 64), (56, 64), (56, 65), (54, 65), (54, 65)], 0.8, 0.56)
(4, [(55, 63), (56, 63), (53, 65), (54, 65)], 0.77, 0.61)
(4, [(56, 64), (57, 62), (54, 63), (55, 63)], 0.6, 0.45)
(4, [(55, 64), (55, 65), (54, 65), (54, 64)], 1.0, 0.0)
(4, [(55, 63), (55, 64), (53, 64), (54, 64)], 0.6, 0.45)
(5, [(56, 64), (57, 64), (53, 65), (54, 65), (57, 64)], 0.65, 0.79)
(5, [(55, 64), (56, 64), (56, 64), (54, 65), (53, 65)], 0.6, 0.73)
(5, [(55, 64), (56, 64), (56, 64), (53, 65), (53, 65)], 0.69, 0.9)
(4, [(55, 64), (56, 64), (53, 65), (53, 65)], 0.76, 0.81)
(4, [(55, 64), (56, 64), (53, 64), (54, 63)], 0.63, 0.44)
(4, [(56, 64), (55, 64), (54, 64), (54, 65)], 0.6, 0.45)
(5, [(55, 64), (55, 64), (56, 64), (56, 65), (54, 64)], 0.46, 0.58)
(5, [(55, 64), (55, 64), (56, 64), (57, 64), (54, 64)], 0.41, 0.68)
(4, [(56, 63), (55, 64), (54, 64), (54, 64)], 0.53, 0.71)
(5, [(55, 63), (55, 64), (55, 64), (54, 64), (56, 63)], 0.55, 0.56)
(2, [(55, 59), (55, 62)], 1.0, 0.0)
(5, [(55, 64), (56, 64), (57, 64), (57, 65), (54, 64)], 0.53, 0.53)
(5, [(55, 64), (56, 64), (57, 64), (57, 64), (54, 64)], 0.49, 0.72)
(4, [(56, 64), (57, 64), (57, 64), (54, 64)], 0.29, 0.73)
(5, [(56, 64), (56, 65), (55, 65), (54, 64), (57, 64)], 0.59, 0.44)
(5, [(56, 64), (55, 64), (55, 64), (54, 64), (57, 64)], 0.41, 0.68)
(5, [(56, 64), (56, 65), (55, 64), (54, 64), (57, 64)], 0.55, 0.47)
(1, [(53, 60)], 0.0, 1.0)
(3, [(54, 62), (55, 62), (53, 60)], 0.65, 0.51)
(3, [(55, 62), (55, 64), (55, 64)], 0.65, 0.71)
(3, [(55, 62), (55, 64), (56, 65)], 0.56, 0.45)
(6, [(55, 64), (56, 64), (56, 65), (55, 64), (54, 64), (57, 62)], 0.39, 0.63)
(3, [(55, 64), (55, 63), (56, 63)], 0.8, 0.23)
(5, [(55, 64), (55, 64), (55, 65), (54, 65), (54, 64)], 0.84, 0.4)
(4, [(55, 63), (56, 64), (56, 64), (54, 64)], 0.77, 0.61)
(5, [(55, 64), (55, 64), (56, 64), (53, 65), (54, 64)], 0.42, 0.68)
(4, [(56, 64), (56, 63), (54, 64), (54, 63)], 1.0, 0.37)
(6, [(55, 64), (56, 64), (56, 63), (53, 65), (54, 64), (57, 63)], 0.44, 0.57)
(5, [(54, 63), (55, 63), (56, 62), (54, 64), (54, 64)], 0.51, 0.68)
(4, [(54, 63), (56, 62), (54, 63), (55, 63)], 0.53, 0.71)
(3, [(54, 63), (54, 62), (55, 63)], 0.8, 0.23)
(6, [(55, 64), (56, 64), (57, 64), (53, 65), (54, 64), (58, 64)], 0.46, 0.59)
(4, [(56, 64), (56, 65), (53, 65), (54, 64)], 0.76, 0.53)
(6, [(55, 64), (56, 64), (56, 65), (56, 65), (54, 65), (57, 64)], 0.53, 0.58)
(5, [(56, 64), (57, 64), (56, 65), (54, 65), (57, 64)], 0.44, 0.67)
(3, [(55, 62), (56, 64), (56, 63)], 0.56, 0.45)
(6, [(55, 64), (56, 64), (56, 64), (53, 65), (54, 64), (57, 63)], 0.39, 0.66)
(6, [(55, 64), (56, 64), (57, 64), (55, 65), (54, 64), (57, 64)], 0.6, 0.6)
(3, [(55, 64), (57, 64), (54, 63)], 0.56, 0.45)
(2, [(55, 62), (56, 64)], 1.0, 0.0)
(2, [(54, 61), (55, 63)], 1.0, 0.0)
(4, [(55, 64), (55, 65), (55, 64), (54, 65)], 0.77, 0.61)
(5, [(55, 64), (56, 64), (56, 65), (55, 64), (54, 65)], 0.58, 0.57)
(4, [(56, 64), (56, 63), (55, 64), (54, 65)], 0.47, 0.51)
(4, [(55, 64), (56, 64), (53, 65), (54, 65)], 0.62, 0.55)
(3, [(56, 62), (53, 64), (54, 64)], 0.61, 0.56)
(4, [(55, 64), (56, 64), (56, 64), (55, 64)], 1.0, 1.0)
(4, [(55, 63), (55, 63), (54, 63), (55, 62)], 0.62, 0.55)
