(8, [(57, 67), (61, 70), (51, 70), (49, 64), (51, 63), (61, 64), (49, 74), (62, 63)], 0.67, 0.54)
(3, [(56, 67), (59, 65), (60, 64)], 0.54, 0.57)
(2, [(52, 69), (50, 73)], 1.0, 0.0)
(2, [(51, 65), (52, 64)], 1.0, 0.0)
(1, [(60, 69)], 0.0, 1.0)
(8, [(55, 66), (59, 68), (52, 67), (51, 65), (52, 64), (58, 64), (50, 71), (59, 63)], 0.55, 0.52)
(5, [(55, 66), (52, 67), (51, 65), (52, 64), (50, 71)], 0.43, 0.55)
(3, [(59, 68), (58, 64), (59, 63)], 0.64, 0.56)
(1, [(55, 66)], 0.0, 1.0)
(1, [(59, 68)], 0.0, 1.0)
(1, [(52, 67)], 0.0, 1.0)
(1, [(51, 65)], 0.0, 1.0)
(1, [(52, 64)], 0.0, 1.0)
(1, [(58, 64)], 0.0, 1.0)
(1, [(50, 71)], 0.0, 1.0)
(1, [(59, 63)], 0.0, 1.0)
(1, [(54, 65)], 0.0, 1.0)
(1, [(58, 68)], 0.0, 1.0)
(1, [(53, 67)], 0.0, 1.0)
(1, [(52, 65)], 0.0, 1.0)
(1, [(53, 65)], 0.0, 1.0)
(1, [(57, 65)], 0.0, 1.0)
(1, [(51, 70)], 0.0, 1.0)
(5, [(54, 65), (54, 66), (53, 66), (54, 65), (52, 69)], 0.31, 0.72)
(3, [(57, 67), (56, 65), (57, 65)], 0.74, 0.44)
(3, [(54, 65), (55, 65), (54, 65)], 0.65, 0.71)
(1, [(56, 67)], 0.0, 1.0)
(1, [(56, 65)], 0.0, 1.0)
(7, [(54, 65), (55, 66), (55, 64), (53, 65), (55, 65), (55, 65), (56, 65)], 0.47, 0.52)
(1, [(52, 69)], 0.0, 1.0)
(2, [(54, 65), (55, 65)], 1.0, 0.0)
(1, [(51, 69)], 0.0, 1.0)
(2, [(54, 64), (54, 64)], 1.0, 1.0)
(1, [(56, 66)], 0.0, 1.0)
(6, [(54, 65), (54, 66), (54, 64), (54, 64), (54, 65), (52, 68)], 0.27, 0.8)
(1, [(53, 66)], 0.0, 1.0)
(3, [(54, 65), (54, 64), (54, 64)], 0.65, 0.71)
(1, [(55, 64)], 0.0, 1.0)
(3, [(53, 66), (54, 64), (54, 64)], 0.65, 0.71)
(1, [(55, 65)], 0.0, 1.0)
(2, [(54, 66), (54, 65)], 1.0, 0.0)
(2, [(51, 70), (49, 74)], 1.0, 0.0)
(2, [(61, 64), (62, 63)], 1.0, 0.0)
(2, [(49, 64), (51, 63)], 1.0, 0.0)
(2, [(57, 67), (61, 70)], 1.0, 0.0)
(1, [(57, 67)], 0.0, 1.0)
(1, [(61, 70)], 0.0, 1.0)
(1, [(49, 64)], 0.0, 1.0)
(1, [(51, 63)], 0.0, 1.0)
(1, [(61, 64)], 0.0, 1.0)
(1, [(49, 74)], 0.0, 1.0)
(1, [(62, 63)], 0.0, 1.0)
(2, [(51, 64), (52, 62)], 1.0, 0.0)
(3, [(58, 66), (61, 64), (62, 63)], 0.54, 0.57)
(1, [(61, 69)], 0.0, 1.0)
(1, [(53, 68)], 0.0, 1.0)
(2, [(52, 63), (53, 62)], 1.0, 0.0)
(1, [(51, 71)], 0.0, 1.0)
(1, [(58, 65)], 0.0, 1.0)
(1, [(61, 67)], 0.0, 1.0)
(4, [(58, 65), (61, 67), (61, 64), (62, 63)], 0.68, 0.37)
(6, [(58, 65), (61, 67), (54, 62), (61, 64), (51, 71), (62, 63)], 0.42, 0.56)
(4, [(58, 66), (60, 67), (59, 65), (61, 64)], 0.66, 0.39)
(1, [(54, 62)], 0.0, 1.0)
(1, [(58, 66)], 0.0, 1.0)
(1, [(60, 67)], 0.0, 1.0)
(1, [(59, 65)], 0.0, 1.0)
(2, [(56, 66), (55, 63)], 1.0, 0.0)
(1, [(52, 70)], 0.0, 1.0)
(3, [(58, 66), (58, 65), (59, 64)], 0.56, 0.45)
(5, [(56, 66), (58, 66), (55, 63), (58, 65), (59, 64)], 0.62, 0.49)
(5, [(57, 67), (58, 66), (55, 63), (59, 66), (60, 65)], 0.47, 0.58)
(3, [(57, 65), (58, 65), (58, 65)], 0.65, 0.71)
(1, [(55, 63)], 0.0, 1.0)
(1, [(57, 66)], 0.0, 1.0)
(3, [(57, 66), (57, 65), (58, 64)], 0.56, 0.45)
(2, [(57, 65), (57, 64)], 1.0, 0.0)
(1, [(57, 64)], 0.0, 1.0)
(3, [(57, 67), (61, 64), (62, 63)], 0.58, 0.6)
(3, [(52, 69), (51, 65), (52, 64)], 0.64, 0.56)
(1, [(50, 73)], 0.0, 1.0)
(2, [(58, 64), (59, 63)], 1.0, 0.0)
(2, [(54, 65), (53, 65)], 1.0, 0.0)
(2, [(56, 65), (57, 65)], 1.0, 0.0)
(1, [(57, 68)], 0.0, 1.0)
(7, [(54, 65), (57, 68), (53, 67), (52, 65), (53, 65), (56, 65), (57, 65)], 0.65, 0.51)
(2, [(54, 65), (54, 66)], 1.0, 0.0)
(2, [(52, 64), (53, 64)], 1.0, 0.0)
(8, [(54, 64), (56, 66), (53, 65), (52, 64), (53, 64), (55, 64), (51, 68), (56, 64)], 0.46, 0.54)
(1, [(52, 66)], 0.0, 1.0)
(3, [(54, 64), (52, 64), (53, 64)], 0.29, 0.42)
(1, [(54, 63)], 0.0, 1.0)
(2, [(54, 63), (54, 63)], 1.0, 1.0)
(2, [(52, 65), (52, 66)], 1.0, 0.0)
(2, [(55, 65), (55, 64)], 1.0, 0.0)
(1, [(53, 64)], 0.0, 1.0)
(6, [(54, 63), (55, 65), (52, 65), (53, 64), (55, 64), (52, 66)], 0.73, 0.46)
(1, [(53, 63)], 0.0, 1.0)
(4, [(54, 64), (53, 65), (53, 64), (54, 64)], 0.77, 0.61)
(4, [(53, 65), (52, 65), (52, 65), (54, 65)], 0.53, 0.72)
(4, [(53, 65), (52, 65), (52, 65), (54, 66)], 0.53, 0.71)
(4, [(53, 65), (52, 65), (51, 65), (54, 68)], 0.52, 0.6)
(1, [(54, 68)], 0.0, 1.0)
(1, [(54, 69)], 0.0, 1.0)
(3, [(53, 66), (52, 66), (52, 65)], 0.8, 0.23)
(2, [(53, 66), (53, 66)], 1.0, 1.0)
(3, [(53, 66), (53, 67), (53, 65)], 0.29, 0.42)
(2, [(53, 66), (53, 65)], 1.0, 0.0)
(2, [(53, 66), (53, 67)], 1.0, 0.0)
(2, [(59, 64), (60, 63)], 1.0, 0.0)
(1, [(49, 72)], 0.0, 1.0)
(1, [(50, 68)], 0.0, 1.0)
(3, [(56, 66), (59, 64), (60, 63)], 0.54, 0.57)
(1, [(49, 71)], 0.0, 1.0)
(2, [(55, 66), (59, 69)], 1.0, 0.0)
(1, [(59, 69)], 0.0, 1.0)
(6, [(55, 66), (58, 69), (51, 63), (57, 64), (49, 71), (58, 63)], 0.48, 0.5)
(6, [(54, 65), (57, 68), (51, 63), (56, 64), (49, 70), (57, 63)], 0.48, 0.51)
(4, [(53, 65), (56, 67), (55, 64), (50, 69)], 0.6, 0.5)
(4, [(53, 64), (55, 66), (54, 64), (50, 67)], 0.6, 0.57)
(1, [(49, 67)], 0.0, 1.0)
(3, [(53, 64), (55, 66), (54, 64)], 0.65, 0.51)
(3, [(54, 65), (53, 65), (51, 66)], 0.54, 0.55)
(4, [(57, 67), (61, 70), (61, 64), (62, 63)], 0.78, 0.44)
(4, [(51, 70), (49, 64), (51, 63), (49, 74)], 0.68, 0.63)
(1, [(51, 68)], 0.0, 1.0)
(2, [(51, 65), (50, 71)], 1.0, 0.0)
(3, [(55, 66), (58, 64), (59, 63)], 0.54, 0.57)
(6, [(54, 66), (58, 68), (52, 65), (57, 65), (51, 70), (58, 64)], 0.59, 0.53)
(1, [(54, 66)], 0.0, 1.0)
(1, [(58, 67)], 0.0, 1.0)
(2, [(54, 66), (52, 65)], 1.0, 0.0)
(2, [(57, 65), (58, 64)], 1.0, 0.0)
(5, [(55, 66), (57, 67), (54, 65), (56, 66), (52, 69)], 0.47, 0.58)
(2, [(55, 66), (55, 65)], 1.0, 0.0)
(2, [(59, 65), (60, 64)], 1.0, 0.0)
(2, [(56, 67), (60, 69)], 1.0, 0.0)
(2, [(58, 65), (59, 64)], 1.0, 0.0)
(1, [(51, 72)], 0.0, 1.0)
(2, [(52, 65), (53, 65)], 1.0, 0.0)
(3, [(54, 66), (53, 65), (54, 65)], 0.8, 0.23)
(1, [(54, 67)], 0.0, 1.0)
(7, [(55, 66), (57, 67), (55, 66), (54, 66), (54, 65), (56, 66), (57, 65)], 0.48, 0.51)
(1, [(53, 69)], 0.0, 1.0)
(7, [(55, 66), (56, 67), (55, 67), (54, 66), (54, 65), (55, 65), (56, 65)], 0.6, 0.24)
(8, [(54, 66), (55, 67), (55, 66), (53, 66), (54, 65), (54, 66), (54, 67), (55, 66)], 0.57, 0.48)
(7, [(54, 66), (55, 65), (56, 66), (53, 66), (54, 65), (53, 67), (54, 65)], 0.53, 0.53)
(6, [(54, 66), (55, 65), (56, 66), (53, 66), (54, 65), (53, 67)], 0.55, 0.42)
(2, [(55, 65), (55, 66)], 1.0, 0.0)
(1, [(54, 64)], 0.0, 1.0)
(2, [(54, 65), (54, 65)], 1.0, 1.0)
(3, [(55, 65), (54, 64), (55, 65)], 0.65, 0.71)
(3, [(56, 65), (54, 64), (54, 65)], 0.74, 0.44)
(2, [(54, 64), (54, 65)], 1.0, 0.0)
(2, [(55, 66), (51, 65)], 1.0, 0.0)
(6, [(55, 66), (59, 69), (51, 65), (58, 65), (50, 71), (59, 64)], 0.54, 0.51)
(1, [(59, 64)], 0.0, 1.0)
(6, [(56, 65), (59, 69), (51, 65), (58, 65), (50, 71), (59, 64)], 0.59, 0.53)
(3, [(55, 66), (58, 68), (57, 65)], 0.82, 0.31)
(2, [(56, 64), (57, 65)], 1.0, 0.0)
(1, [(56, 64)], 0.0, 1.0)
(1, [(60, 63)], 0.0, 1.0)
(4, [(55, 66), (52, 67), (51, 65), (52, 64)], 0.77, 0.43)
(3, [(53, 65), (52, 65), (52, 64)], 0.8, 0.23)
(1, [(57, 63)], 0.0, 1.0)
(7, [(54, 65), (56, 66), (53, 65), (53, 65), (54, 64), (52, 68), (55, 64)], 0.4, 0.58)
(6, [(54, 65), (54, 66), (53, 65), (54, 64), (52, 66), (55, 64)], 0.51, 0.45)
(2, [(53, 65), (53, 65)], 1.0, 1.0)
(3, [(54, 64), (53, 65), (52, 65)], 0.56, 0.45)
(3, [(54, 65), (53, 64), (53, 64)], 0.65, 0.71)
(2, [(54, 65), (53, 64)], 1.0, 0.0)
(4, [(56, 66), (60, 69), (59, 64), (60, 63)], 0.71, 0.46)
(4, [(51, 68), (49, 64), (51, 63), (49, 72)], 0.6, 0.56)
(3, [(59, 69), (58, 64), (59, 63)], 0.64, 0.59)
(6, [(55, 66), (59, 69), (51, 65), (58, 64), (50, 71), (59, 63)], 0.53, 0.49)
(3, [(55, 66), (57, 65), (58, 64)], 0.47, 0.5)
(6, [(54, 66), (57, 68), (52, 65), (56, 65), (51, 70), (57, 65)], 0.54, 0.51)
(6, [(53, 65), (57, 68), (52, 65), (56, 64), (51, 70), (57, 65)], 0.67, 0.58)
(2, [(53, 64), (52, 65)], 1.0, 0.0)
(2, [(55, 64), (56, 64)], 1.0, 0.0)
(4, [(53, 64), (56, 67), (55, 63), (51, 69)], 0.71, 0.42)
(4, [(53, 65), (54, 65), (53, 65), (52, 67)], 0.45, 0.68)
(2, [(53, 65), (53, 64)], 1.0, 0.0)
(1, [(60, 64)], 0.0, 1.0)
(7, [(54, 66), (58, 68), (54, 67), (53, 65), (54, 65), (57, 66), (58, 65)], 0.7, 0.54)
(4, [(54, 66), (54, 67), (53, 65), (54, 65)], 0.6, 0.45)
(2, [(58, 68), (57, 66)], 1.0, 0.0)
(2, [(57, 67), (57, 65)], 1.0, 0.0)
(3, [(55, 66), (55, 67), (56, 66)], 0.8, 0.23)
(4, [(55, 65), (54, 66), (54, 65), (54, 65)], 0.62, 0.55)
(3, [(55, 64), (53, 66), (54, 65)], 0.29, 0.42)
(3, [(57, 68), (56, 64), (57, 65)], 0.59, 0.52)
(7, [(55, 64), (57, 68), (53, 66), (54, 65), (56, 64), (52, 70), (57, 65)], 0.57, 0.55)
(2, [(53, 66), (52, 70)], 1.0, 0.0)
(3, [(55, 64), (54, 65), (56, 64)], 0.56, 0.45)
(3, [(55, 63), (54, 64), (56, 64)], 0.8, 0.23)
(3, [(55, 63), (54, 64), (55, 64)], 0.8, 0.23)
(3, [(55, 63), (54, 64), (54, 64)], 0.65, 0.71)
(7, [(56, 67), (60, 69), (51, 65), (52, 64), (59, 65), (50, 73), (60, 64)], 0.55, 0.57)
(6, [(55, 66), (59, 68), (52, 64), (58, 64), (50, 71), (59, 63)], 0.49, 0.52)
(6, [(54, 66), (58, 68), (53, 64), (57, 65), (51, 70), (58, 64)], 0.57, 0.54)
(3, [(58, 68), (57, 65), (58, 64)], 0.65, 0.51)
(2, [(54, 66), (53, 64)], 1.0, 0.0)
(3, [(54, 66), (56, 65), (52, 69)], 0.51, 0.49)
(4, [(56, 67), (59, 69), (58, 65), (59, 64)], 0.72, 0.44)
(4, [(57, 65), (59, 69), (58, 65), (59, 64)], 0.5, 0.6)
(4, [(57, 65), (52, 64), (58, 65), (59, 64)], 0.39, 0.67)
(4, [(57, 65), (58, 65), (50, 73), (59, 64)], 0.4, 0.71)
(3, [(56, 65), (57, 66), (58, 65)], 0.8, 0.23)
(1, [(59, 66)], 0.0, 1.0)
(1, [(50, 69)], 0.0, 1.0)
(2, [(55, 64), (58, 67)], 1.0, 0.0)
(1, [(50, 67)], 0.0, 1.0)
(2, [(55, 64), (57, 66)], 1.0, 0.0)
(3, [(55, 64), (57, 66), (50, 67)], 0.7, 0.48)
(3, [(55, 64), (55, 65), (50, 67)], 0.65, 0.62)
(2, [(55, 64), (55, 65)], 1.0, 0.0)
(2, [(57, 67), (61, 69)], 1.0, 0.0)
(1, [(51, 64)], 0.0, 1.0)
(5, [(57, 67), (61, 69), (61, 64), (50, 73), (62, 63)], 0.4, 0.64)
(2, [(57, 67), (60, 65)], 1.0, 0.0)
(1, [(60, 65)], 0.0, 1.0)
(2, [(58, 66), (60, 65)], 1.0, 0.0)
(1, [(52, 62)], 0.0, 1.0)
(3, [(57, 66), (59, 65), (61, 64)], 0.29, 0.42)
(1, [(60, 68)], 0.0, 1.0)
(6, [(57, 66), (60, 68), (53, 63), (59, 65), (51, 71), (61, 64)], 0.42, 0.5)
(1, [(59, 67)], 0.0, 1.0)
(2, [(58, 66), (58, 64)], 1.0, 0.0)
(2, [(54, 65), (57, 65)], 1.0, 0.0)
(4, [(52, 69), (51, 64), (52, 62), (50, 73)], 0.61, 0.61)
(4, [(58, 66), (61, 69), (61, 64), (62, 63)], 0.73, 0.47)
(8, [(58, 66), (61, 69), (52, 69), (51, 64), (52, 62), (61, 64), (50, 73), (62, 63)], 0.68, 0.56)
(8, [(57, 65), (60, 68), (53, 68), (52, 64), (53, 64), (59, 65), (51, 71), (60, 64)], 0.66, 0.58)
(2, [(58, 64), (60, 63)], 1.0, 0.0)
(4, [(55, 65), (52, 67), (52, 64), (53, 64)], 0.71, 0.43)
(6, [(55, 64), (51, 66), (52, 63), (58, 64), (50, 71), (60, 63)], 0.53, 0.57)
(5, [(54, 65), (53, 65), (53, 64), (57, 65), (58, 64)], 0.7, 0.68)
(3, [(55, 66), (54, 66), (55, 65)], 0.8, 0.23)
(3, [(56, 65), (55, 65), (55, 65)], 0.65, 0.71)
(5, [(55, 66), (55, 65), (55, 65), (57, 66), (58, 65)], 0.72, 0.68)
(4, [(55, 66), (55, 65), (55, 65), (55, 66)], 1.0, 1.0)
(4, [(55, 66), (55, 65), (55, 65), (56, 64)], 0.35, 0.66)
(4, [(55, 66), (54, 65), (55, 65), (56, 64)], 0.39, 0.45)
(4, [(55, 66), (54, 65), (54, 65), (55, 65)], 0.77, 0.61)
(3, [(54, 65), (54, 65), (55, 65)], 0.65, 0.71)
(8, [(56, 67), (60, 69), (52, 69), (51, 65), (52, 64), (59, 65), (50, 73), (60, 64)], 0.6, 0.54)
(6, [(56, 67), (60, 69), (51, 65), (59, 65), (50, 73), (60, 64)], 0.46, 0.52)
(4, [(56, 67), (60, 69), (59, 65), (60, 64)], 0.72, 0.38)
(4, [(56, 67), (59, 69), (58, 66), (59, 64)], 0.55, 0.35)
(1, [(55, 68)], 0.0, 1.0)
(1, [(58, 69)], 0.0, 1.0)
(6, [(55, 67), (57, 69), (53, 65), (56, 67), (52, 71), (57, 66)], 0.44, 0.51)
(5, [(54, 68), (56, 69), (52, 66), (55, 68), (56, 67)], 0.42, 0.57)
(2, [(53, 67), (56, 68)], 1.0, 0.0)
(2, [(52, 68), (55, 69)], 1.0, 0.0)
(2, [(52, 69), (54, 70)], 1.0, 0.0)
(2, [(53, 68), (55, 69)], 1.0, 0.0)
(2, [(53, 67), (55, 68)], 1.0, 0.0)
(6, [(55, 66), (59, 69), (53, 65), (58, 65), (51, 72), (59, 64)], 0.53, 0.56)
(2, [(55, 66), (53, 65)], 1.0, 0.0)
(3, [(56, 65), (58, 65), (59, 64)], 0.56, 0.45)
(3, [(59, 68), (58, 65), (59, 64)], 0.65, 0.51)
(2, [(56, 64), (54, 64)], 1.0, 0.0)
(3, [(56, 64), (54, 64), (58, 65)], 0.45, 0.43)
(2, [(56, 64), (58, 65)], 1.0, 0.0)
(2, [(55, 64), (57, 65)], 1.0, 0.0)
(6, [(57, 67), (61, 70), (49, 64), (61, 64), (49, 74), (62, 63)], 0.51, 0.49)
(6, [(56, 67), (60, 69), (51, 65), (59, 65), (50, 73), (61, 64)], 0.46, 0.5)
(5, [(55, 66), (59, 68), (58, 66), (51, 71), (59, 65)], 0.48, 0.63)
(2, [(55, 66), (58, 66)], 1.0, 0.0)
(2, [(55, 66), (58, 65)], 1.0, 0.0)
(6, [(57, 67), (61, 70), (49, 64), (51, 63), (61, 64), (62, 63)], 0.65, 0.64)
(2, [(52, 64), (53, 63)], 1.0, 0.0)
(4, [(56, 66), (59, 67), (58, 65), (59, 64)], 0.6, 0.37)
(2, [(53, 65), (54, 64)], 1.0, 0.0)
(3, [(55, 65), (54, 66), (54, 65)], 0.8, 0.23)
(3, [(58, 67), (57, 65), (58, 64)], 0.69, 0.43)
(7, [(55, 65), (58, 67), (54, 66), (54, 65), (57, 65), (52, 69), (58, 64)], 0.5, 0.59)
(6, [(55, 65), (57, 66), (54, 66), (56, 65), (53, 68), (56, 65)], 0.52, 0.67)
(5, [(55, 65), (54, 66), (56, 65), (53, 68), (56, 65)], 0.5, 0.72)
(5, [(55, 65), (54, 66), (56, 64), (53, 68), (56, 65)], 0.46, 0.62)
(2, [(55, 65), (56, 64)], 1.0, 0.0)
(2, [(58, 66), (61, 69)], 1.0, 0.0)
(1, [(61, 68)], 0.0, 1.0)
(2, [(61, 64), (61, 64)], 1.0, 1.0)
(3, [(57, 66), (60, 64), (61, 64)], 0.61, 0.6)
(3, [(55, 66), (59, 64), (60, 64)], 0.61, 0.62)
(2, [(57, 66), (61, 64)], 1.0, 0.0)
(1, [(61, 65)], 0.0, 1.0)
(1, [(52, 63)], 0.0, 1.0)
(6, [(58, 65), (61, 67), (52, 63), (61, 64), (51, 71), (62, 63)], 0.49, 0.54)
(3, [(58, 65), (60, 65), (61, 64)], 0.56, 0.45)
(2, [(60, 65), (60, 64)], 1.0, 0.0)
(3, [(58, 65), (59, 65), (58, 64)], 0.8, 0.23)
(2, [(58, 65), (58, 64)], 1.0, 0.0)
(2, [(57, 66), (57, 65)], 1.0, 0.0)
(2, [(56, 65), (56, 65)], 1.0, 1.0)
(6, [(57, 67), (61, 70), (51, 70), (61, 64), (49, 74), (62, 63)], 0.54, 0.63)
(4, [(56, 67), (60, 69), (59, 65), (61, 64)], 0.7, 0.3)
(3, [(60, 69), (59, 65), (61, 64)], 0.71, 0.45)
(2, [(56, 67), (52, 64)], 1.0, 0.0)
(6, [(56, 67), (60, 69), (52, 64), (59, 65), (50, 73), (61, 64)], 0.45, 0.51)
(3, [(55, 68), (58, 66), (50, 73)], 0.49, 0.53)
(2, [(54, 69), (57, 67)], 1.0, 0.0)
(2, [(53, 70), (56, 68)], 1.0, 0.0)
(2, [(53, 70), (55, 69)], 1.0, 0.0)
(6, [(58, 65), (61, 67), (53, 62), (61, 64), (51, 71), (62, 63)], 0.45, 0.54)
(1, [(53, 62)], 0.0, 1.0)
(6, [(57, 65), (60, 67), (53, 62), (59, 64), (51, 70), (60, 63)], 0.44, 0.53)
(6, [(56, 64), (59, 66), (53, 62), (58, 63), (50, 69), (59, 62)], 0.41, 0.57)
(1, [(58, 63)], 0.0, 1.0)
(1, [(59, 62)], 0.0, 1.0)
(4, [(56, 64), (59, 66), (58, 64), (59, 62)], 0.42, 0.33)
(3, [(54, 63), (57, 63), (57, 63)], 0.65, 0.71)
(2, [(55, 63), (56, 63)], 1.0, 0.0)
(1, [(55, 62)], 0.0, 1.0)
(5, [(57, 67), (61, 70), (61, 64), (49, 74), (62, 63)], 0.39, 0.64)
(5, [(56, 67), (60, 69), (60, 65), (50, 73), (61, 64)], 0.42, 0.63)
(6, [(58, 66), (61, 69), (51, 64), (61, 64), (50, 73), (62, 63)], 0.52, 0.53)
(4, [(58, 66), (61, 67), (61, 64), (62, 63)], 0.71, 0.41)
(3, [(57, 66), (60, 66), (61, 64)], 0.65, 0.41)
(2, [(57, 66), (60, 65)], 1.0, 0.0)
(2, [(56, 67), (59, 69)], 1.0, 0.0)
(4, [(56, 67), (59, 68), (58, 65), (59, 64)], 0.72, 0.3)
(2, [(56, 67), (53, 68)], 1.0, 0.0)
(3, [(57, 65), (58, 65), (59, 64)], 0.56, 0.45)
(3, [(52, 66), (52, 64), (53, 63)], 0.56, 0.45)
(3, [(52, 65), (52, 64), (53, 63)], 0.56, 0.45)
(3, [(51, 65), (52, 64), (53, 63)], 0.29, 0.42)
(3, [(57, 65), (59, 68), (58, 65)], 0.67, 0.56)
(3, [(53, 65), (53, 65), (54, 64)], 0.65, 0.71)
(3, [(56, 65), (57, 65), (58, 64)], 0.56, 0.45)
(2, [(53, 65), (54, 65)], 1.0, 0.0)
(6, [(54, 64), (53, 65), (53, 64), (54, 64), (57, 66), (57, 66)], 0.65, 0.87)
(5, [(53, 67), (52, 67), (52, 67), (53, 66), (55, 68)], 0.32, 0.68)
(4, [(53, 68), (52, 67), (53, 67), (53, 67)], 0.62, 0.55)
(2, [(53, 67), (53, 66)], 1.0, 0.0)
(6, [(57, 67), (61, 70), (51, 63), (61, 64), (49, 74), (62, 63)], 0.47, 0.52)
(6, [(56, 66), (60, 69), (51, 63), (59, 64), (49, 72), (60, 63)], 0.46, 0.51)
(6, [(55, 65), (59, 68), (51, 63), (58, 63), (49, 71), (59, 62)], 0.48, 0.52)
(6, [(54, 64), (58, 67), (51, 63), (57, 63), (49, 69), (58, 62)], 0.53, 0.53)
(1, [(49, 69)], 0.0, 1.0)
(1, [(58, 62)], 0.0, 1.0)
(1, [(49, 68)], 0.0, 1.0)
(4, [(53, 63), (51, 63), (55, 62), (56, 62)], 0.59, 0.62)
(2, [(53, 63), (55, 63)], 1.0, 0.0)
(6, [(56, 66), (60, 69), (49, 64), (59, 64), (49, 72), (60, 63)], 0.52, 0.48)
(3, [(55, 65), (58, 64), (59, 63)], 0.54, 0.55)
(2, [(54, 65), (49, 64)], 1.0, 0.0)
(1, [(49, 70)], 0.0, 1.0)
(2, [(57, 63), (58, 62)], 1.0, 0.0)
(5, [(54, 65), (58, 68), (49, 64), (56, 63), (48, 69)], 0.62, 0.4)
(2, [(53, 64), (56, 63)], 1.0, 0.0)
(2, [(52, 65), (55, 64)], 1.0, 0.0)
(2, [(52, 67), (54, 66)], 1.0, 0.0)
(3, [(58, 66), (60, 65), (61, 64)], 0.47, 0.5)
(2, [(57, 65), (59, 64)], 1.0, 0.0)
(2, [(56, 66), (60, 69)], 1.0, 0.0)
(2, [(55, 67), (59, 70)], 1.0, 0.0)
(1, [(49, 65)], 0.0, 1.0)
(4, [(55, 68), (58, 71), (57, 66), (58, 65)], 0.68, 0.52)
(3, [(54, 68), (57, 70), (56, 67)], 0.82, 0.31)
(2, [(54, 68), (56, 67)], 1.0, 0.0)
(2, [(53, 69), (55, 68)], 1.0, 0.0)
(4, [(57, 66), (60, 68), (59, 65), (61, 64)], 0.65, 0.29)
(5, [(57, 66), (60, 68), (59, 65), (51, 72), (61, 64)], 0.35, 0.62)
(3, [(56, 66), (59, 68), (58, 66)], 0.65, 0.36)
(3, [(54, 66), (58, 67), (57, 66)], 0.59, 0.52)
(2, [(54, 66), (57, 66)], 1.0, 0.0)
(2, [(55, 65), (57, 66)], 1.0, 0.0)
(4, [(56, 65), (59, 69), (58, 64), (59, 63)], 0.6, 0.54)
(3, [(54, 65), (57, 67), (56, 66)], 0.47, 0.5)
(2, [(53, 65), (56, 66)], 1.0, 0.0)
(6, [(55, 66), (59, 69), (53, 64), (58, 66), (51, 72), (59, 65)], 0.53, 0.55)
(3, [(59, 69), (58, 65), (59, 65)], 0.68, 0.57)
(2, [(55, 66), (53, 64)], 1.0, 0.0)
(2, [(56, 65), (58, 65)], 1.0, 0.0)
(1, [(50, 70)], 0.0, 1.0)
(2, [(54, 66), (52, 63)], 1.0, 0.0)
(2, [(57, 64), (58, 63)], 1.0, 0.0)
(2, [(54, 66), (53, 63)], 1.0, 0.0)
(5, [(54, 67), (54, 64), (56, 64), (52, 68), (57, 64)], 0.66, 0.61)
(1, [(52, 68)], 0.0, 1.0)
(2, [(54, 64), (56, 64)], 1.0, 0.0)
(4, [(54, 66), (54, 65), (55, 65), (52, 67)], 0.43, 0.57)
(2, [(59, 65), (61, 64)], 1.0, 0.0)
(2, [(57, 66), (60, 68)], 1.0, 0.0)
(2, [(59, 67), (59, 65)], 1.0, 0.0)
(2, [(56, 66), (59, 65)], 1.0, 0.0)
(2, [(57, 67), (60, 66)], 1.0, 0.0)
(6, [(57, 65), (60, 68), (51, 64), (59, 64), (50, 71), (60, 63)], 0.54, 0.54)
(3, [(57, 65), (59, 64), (60, 63)], 0.47, 0.5)
(3, [(56, 65), (58, 64), (59, 63)], 0.47, 0.5)
(2, [(57, 64), (57, 63)], 1.0, 0.0)
(2, [(55, 65), (58, 63)], 1.0, 0.0)
(2, [(56, 64), (58, 63)], 1.0, 0.0)
(2, [(55, 64), (57, 63)], 1.0, 0.0)
(1, [(56, 63)], 0.0, 1.0)
(4, [(54, 67), (53, 64), (54, 63), (52, 70)], 0.58, 0.6)
(4, [(57, 65), (60, 67), (59, 65), (60, 64)], 0.51, 0.38)
(2, [(53, 64), (54, 63)], 1.0, 0.0)
(3, [(54, 66), (54, 63), (55, 63)], 0.7, 0.53)
(1, [(60, 66)], 0.0, 1.0)
(3, [(57, 65), (59, 65), (60, 64)], 0.56, 0.45)
(3, [(60, 66), (59, 65), (60, 64)], 0.8, 0.23)
(2, [(56, 65), (56, 64)], 1.0, 0.0)
(2, [(59, 65), (58, 65)], 1.0, 0.0)
(8, [(56, 65), (59, 65), (55, 66), (55, 64), (56, 64), (58, 65), (53, 68), (59, 64)], 0.44, 0.62)
(4, [(57, 64), (56, 64), (57, 64), (57, 63)], 0.62, 0.55)
(2, [(57, 64), (57, 64)], 1.0, 1.0)
(5, [(56, 66), (57, 64), (56, 65), (57, 64), (58, 64)], 0.62, 0.68)
(2, [(57, 64), (58, 64)], 1.0, 0.0)
(3, [(56, 64), (56, 65), (57, 63)], 0.56, 0.45)
(2, [(56, 64), (57, 63)], 1.0, 0.0)
(2, [(53, 68), (51, 71)], 1.0, 0.0)
(3, [(57, 66), (59, 65), (60, 64)], 0.47, 0.5)
(5, [(56, 65), (54, 66), (54, 64), (55, 64), (53, 69)], 0.46, 0.6)
(3, [(59, 66), (58, 65), (59, 64)], 0.8, 0.23)
(2, [(54, 64), (55, 64)], 1.0, 0.0)
(2, [(59, 66), (58, 65)], 1.0, 0.0)
(3, [(54, 66), (54, 64), (55, 64)], 0.74, 0.44)
(6, [(56, 66), (55, 65), (56, 65), (56, 65), (54, 67), (56, 64)], 0.42, 0.61)
(5, [(56, 66), (55, 65), (55, 64), (56, 64), (54, 67)], 0.52, 0.48)
(2, [(56, 64), (56, 64)], 1.0, 1.0)
(3, [(56, 64), (55, 64), (55, 66)], 0.74, 0.44)
(2, [(56, 64), (55, 64)], 1.0, 0.0)
(8, [(56, 67), (60, 68), (53, 68), (52, 64), (53, 63), (59, 65), (51, 72), (60, 64)], 0.59, 0.56)
(3, [(60, 68), (59, 65), (60, 64)], 0.65, 0.51)
(5, [(56, 67), (53, 68), (52, 64), (53, 63), (51, 72)], 0.57, 0.58)
(7, [(55, 66), (59, 68), (54, 67), (53, 65), (54, 64), (58, 65), (59, 64)], 0.68, 0.5)
(1, [(52, 71)], 0.0, 1.0)
(3, [(53, 66), (53, 65), (53, 64)], 0.29, 0.42)
(4, [(56, 64), (59, 68), (58, 65), (59, 64)], 0.44, 0.5)
(4, [(52, 66), (53, 65), (53, 64), (51, 71)], 0.37, 0.68)
(6, [(54, 64), (58, 68), (53, 65), (54, 64), (57, 65), (52, 70)], 0.63, 0.55)
(3, [(54, 64), (53, 65), (54, 64)], 0.65, 0.71)
(3, [(54, 64), (53, 65), (58, 66)], 0.67, 0.56)
(5, [(58, 66), (61, 69), (61, 64), (50, 73), (62, 63)], 0.36, 0.65)
(3, [(58, 66), (61, 66), (62, 64)], 0.65, 0.41)
(3, [(58, 66), (61, 66), (62, 65)], 0.59, 0.52)
(2, [(60, 65), (61, 65)], 1.0, 0.0)
(2, [(59, 65), (60, 65)], 1.0, 0.0)
(3, [(61, 70), (61, 64), (62, 63)], 0.63, 0.61)
(4, [(61, 70), (60, 65), (50, 73), (61, 64)], 0.56, 0.64)
(1, [(60, 70)], 0.0, 1.0)
(2, [(58, 68), (57, 65)], 1.0, 0.0)
(7, [(57, 67), (61, 70), (51, 70), (51, 63), (61, 64), (49, 74), (62, 63)], 0.6, 0.51)
(6, [(57, 65), (60, 68), (53, 63), (59, 65), (51, 72), (61, 64)], 0.47, 0.53)
(3, [(57, 65), (60, 66), (61, 65)], 0.65, 0.51)
(3, [(57, 65), (61, 67), (61, 66)], 0.67, 0.59)
(2, [(61, 67), (61, 66)], 1.0, 0.0)
(1, [(61, 66)], 0.0, 1.0)
(2, [(60, 66), (60, 66)], 1.0, 1.0)
(2, [(58, 65), (59, 65)], 1.0, 0.0)
(3, [(58, 65), (61, 67), (62, 63)], 0.91, 0.16)
(2, [(58, 65), (62, 63)], 1.0, 0.0)
(2, [(58, 65), (61, 64)], 1.0, 0.0)
(6, [(55, 66), (58, 68), (53, 66), (57, 66), (52, 71), (58, 65)], 0.53, 0.56)
(3, [(55, 66), (53, 66), (57, 66)], 0.29, 0.42)
(7, [(57, 67), (61, 70), (49, 64), (51, 63), (61, 64), (49, 74), (62, 63)], 0.62, 0.56)
(4, [(57, 67), (61, 70), (51, 63), (49, 74)], 0.69, 0.37)
(2, [(61, 69), (50, 73)], 1.0, 0.0)
(2, [(60, 68), (51, 71)], 1.0, 0.0)
(6, [(56, 67), (59, 69), (52, 65), (58, 66), (51, 72), (59, 65)], 0.47, 0.51)
(2, [(55, 67), (53, 66)], 1.0, 0.0)
(3, [(58, 68), (57, 66), (58, 65)], 0.69, 0.43)
(3, [(54, 66), (53, 66), (57, 65)], 0.58, 0.59)
(2, [(53, 67), (56, 66)], 1.0, 0.0)
(2, [(52, 68), (55, 67)], 1.0, 0.0)
(8, [(55, 66), (59, 69), (53, 68), (52, 65), (53, 65), (58, 65), (51, 72), (59, 64)], 0.54, 0.54)
(3, [(59, 69), (58, 65), (59, 64)], 0.64, 0.56)
(3, [(55, 66), (52, 65), (53, 65)], 0.54, 0.55)
(3, [(54, 65), (53, 67), (52, 65)], 0.95, 0.1)
(2, [(53, 64), (53, 65)], 1.0, 0.0)
(1, [(51, 66)], 0.0, 1.0)
(2, [(54, 64), (54, 63)], 1.0, 0.0)
(6, [(53, 64), (54, 64), (53, 64), (53, 63), (52, 65), (54, 63)], 0.4, 0.55)
(5, [(53, 63), (54, 65), (53, 64), (53, 63), (52, 64)], 0.5, 0.63)
(2, [(53, 64), (53, 63)], 1.0, 0.0)
(2, [(52, 63), (52, 64)], 1.0, 0.0)
(3, [(53, 64), (53, 64), (52, 64)], 0.65, 0.71)
(2, [(53, 63), (52, 64)], 1.0, 0.0)
(2, [(51, 64), (53, 63)], 1.0, 0.0)
(2, [(52, 63), (53, 63)], 1.0, 0.0)
(2, [(52, 69), (51, 65)], 1.0, 0.0)
(6, [(56, 67), (60, 69), (51, 64), (59, 65), (50, 72), (60, 64)], 0.47, 0.49)
(6, [(55, 66), (59, 68), (53, 65), (58, 65), (51, 71), (59, 64)], 0.52, 0.58)
(5, [(56, 65), (58, 66), (53, 65), (57, 65), (53, 69)], 0.63, 0.54)
(2, [(58, 66), (57, 65)], 1.0, 0.0)
(2, [(55, 64), (58, 66)], 1.0, 0.0)
(2, [(54, 65), (57, 67)], 1.0, 0.0)
(2, [(53, 66), (56, 68)], 1.0, 0.0)
(6, [(55, 66), (59, 69), (52, 65), (58, 66), (51, 72), (59, 64)], 0.55, 0.49)
(6, [(55, 66), (59, 68), (53, 65), (58, 65), (51, 71), (59, 65)], 0.53, 0.59)
(3, [(59, 68), (58, 65), (59, 65)], 0.7, 0.53)
(2, [(56, 65), (53, 65)], 1.0, 0.0)
(6, [(56, 64), (59, 67), (54, 64), (58, 65), (52, 70), (59, 65)], 0.55, 0.6)
(4, [(56, 65), (58, 66), (57, 65), (53, 69)], 0.51, 0.63)
(2, [(58, 65), (57, 65)], 1.0, 0.0)
(2, [(54, 66), (56, 66)], 1.0, 0.0)
(8, [(55, 65), (59, 68), (50, 67), (49, 64), (51, 63), (58, 63), (49, 71), (59, 62)], 0.64, 0.49)
(4, [(55, 65), (59, 68), (58, 63), (59, 62)], 0.71, 0.46)
(7, [(54, 66), (58, 68), (51, 66), (52, 64), (57, 64), (50, 70), (58, 63)], 0.54, 0.49)
(7, [(53, 65), (57, 67), (51, 65), (52, 64), (55, 63), (50, 68), (56, 63)], 0.52, 0.51)
(7, [(52, 64), (57, 67), (51, 65), (52, 64), (55, 63), (50, 68), (56, 63)], 0.6, 0.61)
(6, [(52, 64), (57, 67), (51, 65), (52, 64), (55, 63), (50, 68)], 0.54, 0.55)
(3, [(53, 64), (51, 66), (53, 63)], 0.61, 0.56)
(3, [(54, 63), (50, 68), (54, 63)], 0.65, 0.71)
(1, [(51, 67)], 0.0, 1.0)
(2, [(52, 66), (55, 63)], 1.0, 0.0)
(8, [(56, 66), (60, 69), (51, 68), (49, 64), (51, 63), (59, 64), (49, 72), (60, 63)], 0.66, 0.49)
(8, [(54, 64), (58, 67), (50, 65), (49, 64), (51, 63), (57, 63), (49, 69), (58, 62)], 0.61, 0.48)
(8, [(53, 63), (57, 67), (50, 65), (49, 64), (51, 63), (55, 62), (49, 68), (56, 62)], 0.61, 0.47)
(8, [(53, 63), (57, 66), (50, 65), (49, 64), (51, 63), (55, 62), (49, 68), (56, 62)], 0.61, 0.5)
(8, [(52, 64), (56, 66), (51, 65), (51, 64), (52, 64), (54, 63), (50, 67), (55, 62)], 0.47, 0.53)
(4, [(52, 64), (52, 64), (51, 64), (51, 66)], 0.59, 0.66)
(7, [(52, 64), (54, 66), (51, 64), (51, 64), (53, 64), (51, 66), (54, 63)], 0.57, 0.46)
(7, [(52, 64), (53, 65), (51, 64), (51, 64), (52, 63), (51, 66), (53, 63)], 0.53, 0.48)
(6, [(52, 64), (52, 65), (51, 64), (52, 63), (51, 66), (52, 63)], 0.53, 0.62)
(4, [(51, 64), (51, 64), (51, 65), (51, 63)], 0.0, 0.65)
(4, [(52, 64), (51, 63), (51, 65), (52, 63)], 0.7, 0.42)
(2, [(52, 64), (52, 65)], 1.0, 0.0)
(2, [(52, 64), (52, 62)], 1.0, 0.0)
(2, [(57, 66), (59, 64)], 1.0, 0.0)
(2, [(57, 66), (59, 65)], 1.0, 0.0)
(6, [(55, 66), (59, 69), (52, 64), (58, 64), (50, 71), (59, 63)], 0.51, 0.5)
(6, [(55, 64), (58, 66), (53, 63), (57, 64), (51, 69), (58, 63)], 0.47, 0.57)
(4, [(54, 63), (57, 66), (56, 63), (50, 67)], 0.63, 0.53)
(3, [(54, 63), (57, 66), (56, 63)], 0.69, 0.43)
(2, [(54, 63), (56, 63)], 1.0, 0.0)
(2, [(53, 64), (55, 64)], 1.0, 0.0)
(7, [(57, 67), (61, 70), (51, 70), (49, 64), (61, 64), (49, 74), (62, 63)], 0.62, 0.51)
(6, [(58, 65), (61, 68), (52, 63), (61, 64), (51, 72), (62, 63)], 0.51, 0.53)
(5, [(58, 65), (61, 68), (61, 64), (51, 72), (62, 63)], 0.38, 0.64)
(2, [(60, 65), (61, 64)], 1.0, 0.0)
(3, [(58, 65), (60, 65), (59, 64)], 0.8, 0.23)
(2, [(59, 64), (59, 64)], 1.0, 1.0)
(2, [(55, 66), (58, 64)], 1.0, 0.0)
(6, [(55, 65), (59, 68), (49, 64), (58, 63), (49, 71), (59, 62)], 0.53, 0.49)
(6, [(54, 64), (58, 67), (49, 64), (57, 63), (49, 69), (58, 62)], 0.57, 0.49)
(6, [(53, 63), (57, 67), (49, 64), (55, 62), (49, 68), (56, 62)], 0.64, 0.48)
(6, [(53, 63), (57, 66), (49, 64), (55, 62), (49, 68), (56, 62)], 0.62, 0.52)
(4, [(53, 63), (57, 66), (49, 64), (49, 68)], 0.74, 0.4)
(2, [(51, 64), (50, 67)], 1.0, 0.0)
(3, [(55, 66), (53, 64), (58, 66)], 0.55, 0.39)
(2, [(56, 67), (59, 65)], 1.0, 0.0)
(2, [(57, 65), (52, 71)], 1.0, 0.0)
(4, [(61, 70), (61, 64), (49, 74), (62, 63)], 0.54, 0.66)
(4, [(60, 70), (59, 65), (50, 73), (61, 64)], 0.55, 0.61)
(2, [(59, 66), (60, 65)], 1.0, 0.0)
(2, [(58, 69), (58, 65)], 1.0, 0.0)
(2, [(58, 66), (62, 63)], 1.0, 0.0)
(2, [(58, 66), (61, 64)], 1.0, 0.0)
(2, [(58, 66), (61, 65)], 1.0, 0.0)
(4, [(56, 66), (51, 63), (59, 64), (49, 72)], 0.61, 0.47)
(3, [(57, 65), (59, 64), (50, 71)], 0.6, 0.62)
(2, [(60, 65), (50, 71)], 1.0, 0.0)
(3, [(58, 66), (61, 69), (51, 64)], 0.51, 0.5)
(3, [(58, 65), (59, 66), (59, 65)], 0.8, 0.23)
(2, [(58, 65), (58, 66)], 1.0, 0.0)
(2, [(59, 66), (60, 66)], 1.0, 0.0)
(5, [(57, 67), (61, 70), (51, 63), (61, 64), (62, 63)], 0.56, 0.56)
(3, [(60, 70), (59, 65), (61, 64)], 0.69, 0.5)
(2, [(57, 70), (57, 64)], 1.0, 0.0)
(3, [(55, 66), (59, 69), (53, 64)], 0.47, 0.52)
(6, [(56, 67), (60, 68), (53, 63), (59, 65), (51, 72), (61, 64)], 0.48, 0.51)
(5, [(57, 67), (61, 70), (51, 63), (49, 74), (62, 63)], 0.54, 0.39)
(3, [(60, 69), (51, 72), (61, 64)], 0.64, 0.48)
(2, [(57, 68), (59, 66)], 1.0, 0.0)
(8, [(55, 66), (59, 68), (53, 67), (53, 65), (54, 64), (58, 65), (51, 71), (59, 64)], 0.49, 0.55)
(8, [(54, 65), (59, 68), (52, 66), (53, 65), (54, 64), (58, 65), (51, 71), (59, 64)], 0.56, 0.6)
(8, [(54, 64), (58, 67), (53, 66), (54, 66), (54, 65), (57, 66), (52, 70), (58, 65)], 0.55, 0.59)
(7, [(55, 65), (56, 67), (55, 66), (53, 65), (53, 66), (55, 66), (53, 69)], 0.55, 0.59)
(6, [(54, 65), (55, 66), (54, 66), (53, 66), (55, 65), (53, 67)], 0.56, 0.35)
(2, [(54, 64), (53, 65)], 1.0, 0.0)
(2, [(54, 65), (54, 64)], 1.0, 0.0)
(2, [(55, 65), (54, 64)], 1.0, 0.0)
(5, [(57, 65), (59, 68), (58, 66), (51, 72), (59, 65)], 0.37, 0.65)
(2, [(57, 67), (58, 65)], 1.0, 0.0)
(5, [(56, 67), (60, 69), (59, 65), (50, 73), (61, 64)], 0.4, 0.61)
(6, [(57, 67), (61, 69), (52, 63), (61, 64), (50, 73), (62, 63)], 0.48, 0.53)
(4, [(57, 67), (61, 69), (61, 64), (62, 63)], 0.79, 0.4)
(7, [(55, 66), (59, 69), (52, 65), (53, 65), (58, 65), (51, 72), (59, 64)], 0.52, 0.57)
(3, [(55, 66), (55, 65), (55, 65)], 0.65, 0.71)
(3, [(55, 65), (55, 65), (56, 65)], 0.65, 0.71)
(3, [(55, 65), (55, 65), (55, 64)], 0.65, 0.71)
(5, [(54, 66), (55, 65), (55, 65), (53, 67), (55, 64)], 0.51, 0.69)
(4, [(54, 66), (55, 65), (55, 65), (53, 67)], 0.53, 0.72)
(3, [(55, 66), (54, 65), (54, 66)], 0.8, 0.23)
(2, [(55, 66), (54, 66)], 1.0, 0.0)
(3, [(56, 66), (51, 63), (59, 64)], 0.66, 0.45)
(3, [(57, 66), (60, 68), (59, 65)], 0.82, 0.31)
(4, [(57, 65), (60, 68), (59, 65), (61, 64)], 0.58, 0.36)
(2, [(57, 65), (59, 65)], 1.0, 0.0)
(6, [(57, 65), (59, 66), (55, 64), (58, 65), (53, 68), (59, 64)], 0.4, 0.59)
(5, [(59, 66), (55, 64), (58, 65), (53, 68), (59, 64)], 0.58, 0.56)
(3, [(55, 64), (58, 65), (59, 65)], 0.58, 0.59)
(2, [(57, 65), (58, 65)], 1.0, 0.0)
(4, [(57, 65), (60, 68), (59, 64), (60, 63)], 0.63, 0.49)
(3, [(57, 65), (59, 64), (60, 64)], 0.54, 0.55)
(4, [(58, 65), (61, 68), (61, 64), (62, 63)], 0.69, 0.42)
(2, [(58, 65), (61, 67)], 1.0, 0.0)
(5, [(58, 65), (61, 67), (61, 64), (51, 71), (62, 63)], 0.34, 0.66)
(3, [(58, 65), (60, 65), (60, 64)], 0.74, 0.44)
(3, [(58, 65), (59, 65), (59, 64)], 0.8, 0.23)
(3, [(58, 65), (59, 66), (59, 64)], 0.8, 0.23)
(2, [(59, 64), (59, 63)], 1.0, 0.0)
(3, [(55, 67), (58, 65), (58, 64)], 0.64, 0.59)
(2, [(58, 66), (59, 65)], 1.0, 0.0)
(3, [(55, 68), (57, 65), (58, 65)], 0.64, 0.59)
(3, [(55, 68), (56, 65), (57, 65)], 0.67, 0.56)
(3, [(55, 67), (56, 65), (57, 65)], 0.65, 0.51)
(1, [(55, 67)], 0.0, 1.0)
(5, [(61, 70), (51, 63), (61, 64), (49, 74), (62, 63)], 0.71, 0.52)
(4, [(60, 69), (59, 64), (49, 72), (60, 63)], 0.56, 0.64)
(2, [(56, 65), (57, 66)], 1.0, 0.0)
(1, [(62, 64)], 0.0, 1.0)
(2, [(56, 66), (61, 65)], 1.0, 0.0)
(4, [(52, 69), (51, 65), (52, 64), (50, 73)], 0.57, 0.63)
(8, [(54, 66), (58, 68), (54, 67), (53, 65), (54, 65), (57, 66), (52, 70), (58, 65)], 0.54, 0.55)
(3, [(54, 66), (54, 67), (54, 65)], 0.29, 0.42)
(8, [(54, 66), (58, 68), (55, 66), (53, 65), (54, 65), (57, 66), (52, 70), (58, 65)], 0.46, 0.54)
(7, [(53, 66), (58, 68), (55, 65), (54, 65), (57, 65), (52, 70), (58, 65)], 0.59, 0.58)
(7, [(53, 66), (58, 68), (54, 64), (54, 65), (57, 65), (52, 70), (58, 65)], 0.63, 0.59)
(5, [(58, 68), (54, 64), (54, 65), (57, 65), (52, 70)], 0.66, 0.51)
(3, [(54, 64), (54, 65), (57, 65)], 0.7, 0.53)
(3, [(55, 63), (55, 64), (57, 65)], 0.65, 0.51)
(2, [(55, 63), (55, 64)], 1.0, 0.0)
(2, [(51, 64), (50, 73)], 1.0, 0.0)
(6, [(58, 66), (60, 68), (52, 63), (59, 65), (51, 72), (61, 64)], 0.48, 0.52)
(5, [(58, 66), (60, 68), (59, 65), (51, 72), (61, 64)], 0.3, 0.66)
(3, [(58, 66), (60, 67), (61, 64)], 0.82, 0.31)
(2, [(57, 65), (61, 66)], 1.0, 0.0)
(3, [(58, 66), (59, 65), (61, 64)], 0.47, 0.5)
(3, [(58, 66), (59, 65), (60, 64)], 0.29, 0.42)
(3, [(58, 66), (59, 65), (59, 64)], 0.56, 0.45)
(3, [(57, 66), (58, 65), (58, 64)], 0.56, 0.45)
(3, [(55, 66), (57, 65), (58, 65)], 0.54, 0.55)
(3, [(61, 70), (60, 65), (62, 63)], 0.62, 0.48)
(2, [(60, 69), (60, 64)], 1.0, 0.0)
(2, [(58, 66), (62, 64)], 1.0, 0.0)
(2, [(58, 66), (62, 65)], 1.0, 0.0)
(2, [(60, 70), (50, 73)], 1.0, 0.0)
(2, [(60, 68), (50, 73)], 1.0, 0.0)
(4, [(56, 67), (60, 69), (59, 65), (50, 73)], 0.49, 0.55)
(3, [(51, 68), (49, 64), (51, 63)], 0.74, 0.44)
(3, [(55, 65), (58, 63), (59, 62)], 0.54, 0.57)
(4, [(55, 65), (51, 63), (58, 63), (59, 62)], 0.64, 0.59)
(3, [(56, 64), (51, 63), (58, 63)], 0.58, 0.54)
(2, [(61, 64), (61, 63)], 1.0, 0.0)
(3, [(59, 67), (60, 66), (61, 65)], 0.29, 0.42)
(2, [(58, 67), (59, 67)], 1.0, 0.0)
(3, [(56, 67), (59, 65), (61, 64)], 0.44, 0.51)
(6, [(54, 66), (58, 68), (53, 66), (57, 66), (52, 71), (58, 65)], 0.6, 0.61)
(2, [(54, 66), (54, 67)], 1.0, 0.0)
(2, [(56, 68), (56, 67)], 1.0, 0.0)
(3, [(56, 67), (55, 67), (55, 67)], 0.65, 0.71)
(5, [(54, 65), (56, 67), (54, 67), (55, 66), (55, 67)], 0.57, 0.43)
(3, [(54, 67), (55, 66), (56, 67)], 0.8, 0.23)
(3, [(57, 65), (59, 65), (50, 73)], 0.64, 0.63)
(3, [(57, 65), (59, 65), (50, 71)], 0.63, 0.62)
(3, [(56, 64), (60, 66), (49, 70)], 0.67, 0.49)
(3, [(56, 64), (60, 66), (49, 69)], 0.65, 0.49)
(3, [(56, 64), (60, 66), (50, 68)], 0.64, 0.45)
(3, [(56, 64), (59, 65), (50, 68)], 0.62, 0.53)
(2, [(57, 65), (50, 68)], 1.0, 0.0)
(1, [(61, 63)], 0.0, 1.0)
(6, [(56, 65), (60, 68), (53, 63), (59, 65), (51, 72), (60, 64)], 0.5, 0.56)
(2, [(56, 65), (53, 63)], 1.0, 0.0)
(2, [(58, 67), (58, 65)], 1.0, 0.0)
(2, [(55, 66), (54, 64)], 1.0, 0.0)
(2, [(54, 67), (57, 66)], 1.0, 0.0)
(2, [(53, 66), (57, 66)], 1.0, 0.0)
(5, [(58, 66), (59, 68), (59, 65), (51, 72), (60, 64)], 0.3, 0.68)
(4, [(56, 66), (58, 67), (52, 71), (59, 65)], 0.44, 0.59)
(2, [(56, 66), (60, 66)], 1.0, 0.0)
(3, [(60, 67), (59, 65), (60, 64)], 0.69, 0.43)
(2, [(56, 65), (54, 65)], 1.0, 0.0)
(6, [(56, 65), (59, 66), (54, 65), (58, 65), (53, 69), (59, 64)], 0.52, 0.57)
(2, [(56, 66), (56, 66)], 1.0, 1.0)
(2, [(58, 68), (60, 67)], 1.0, 0.0)
(2, [(57, 67), (59, 66)], 1.0, 0.0)
(2, [(55, 66), (52, 64)], 1.0, 0.0)
(4, [(55, 66), (52, 64), (58, 64), (59, 63)], 0.7, 0.56)
(3, [(56, 65), (59, 69), (52, 64)], 0.52, 0.43)
(2, [(56, 64), (58, 64)], 1.0, 0.0)
(2, [(54, 65), (58, 65)], 1.0, 0.0)
(2, [(58, 63), (59, 62)], 1.0, 0.0)
(3, [(50, 67), (49, 64), (49, 71)], 0.49, 0.45)
(2, [(50, 65), (49, 64)], 1.0, 0.0)
(3, [(54, 64), (57, 63), (58, 62)], 0.54, 0.55)
(3, [(54, 64), (55, 63), (56, 63)], 0.56, 0.45)
(5, [(54, 64), (51, 64), (55, 64), (50, 68), (56, 63)], 0.52, 0.62)
(2, [(55, 64), (55, 63)], 1.0, 0.0)
(3, [(54, 64), (52, 64), (54, 62)], 0.8, 0.23)
(2, [(54, 64), (52, 64)], 1.0, 0.0)
(6, [(56, 66), (60, 69), (50, 64), (59, 64), (49, 72), (60, 63)], 0.5, 0.51)
(6, [(55, 65), (59, 69), (50, 64), (58, 64), (49, 71), (59, 63)], 0.56, 0.5)
(6, [(54, 66), (58, 68), (51, 65), (57, 65), (50, 70), (58, 64)], 0.55, 0.51)
(4, [(53, 65), (58, 68), (57, 65), (50, 70)], 0.71, 0.47)
(2, [(52, 64), (57, 65)], 1.0, 0.0)
(7, [(56, 66), (60, 69), (51, 68), (49, 64), (59, 64), (49, 72), (60, 63)], 0.62, 0.49)
(7, [(56, 66), (60, 69), (51, 68), (50, 64), (59, 64), (50, 72), (60, 63)], 0.63, 0.48)
(2, [(51, 68), (50, 64)], 1.0, 0.0)
(1, [(50, 72)], 0.0, 1.0)
(3, [(55, 66), (52, 67), (51, 64)], 0.8, 0.23)
(4, [(55, 64), (58, 66), (53, 66), (58, 64)], 0.73, 0.46)
(2, [(58, 66), (58, 65)], 1.0, 0.0)
(4, [(57, 66), (60, 68), (59, 65), (60, 64)], 0.65, 0.41)
(4, [(53, 68), (52, 64), (53, 64), (51, 71)], 0.63, 0.63)
(2, [(57, 67), (57, 66)], 1.0, 0.0)
(4, [(55, 66), (54, 66), (54, 66), (55, 65)], 0.77, 0.61)
(4, [(55, 66), (56, 66), (56, 66), (56, 65)], 0.62, 0.55)
(2, [(54, 66), (54, 66)], 1.0, 1.0)
(7, [(55, 66), (55, 65), (53, 65), (54, 64), (55, 65), (53, 66), (55, 65)], 0.71, 0.53)
(3, [(54, 66), (53, 65), (53, 66)], 0.8, 0.23)
(2, [(56, 65), (55, 65)], 1.0, 0.0)
(6, [(54, 66), (56, 65), (53, 65), (54, 64), (55, 65), (53, 66)], 0.72, 0.42)
(2, [(53, 65), (53, 66)], 1.0, 0.0)
(3, [(55, 64), (55, 64), (55, 65)], 0.65, 0.71)
(3, [(56, 65), (55, 64), (55, 65)], 0.8, 0.23)
(8, [(55, 66), (59, 68), (54, 67), (53, 65), (54, 65), (58, 65), (52, 70), (59, 64)], 0.52, 0.54)
(5, [(55, 66), (54, 67), (53, 65), (54, 65), (52, 70)], 0.43, 0.62)
(8, [(55, 66), (58, 68), (54, 67), (53, 65), (54, 65), (58, 65), (52, 70), (58, 65)], 0.51, 0.62)
(7, [(55, 66), (57, 67), (54, 66), (54, 66), (54, 65), (56, 66), (57, 65)], 0.56, 0.53)
(7, [(55, 66), (57, 67), (54, 66), (54, 65), (54, 65), (56, 66), (57, 65)], 0.59, 0.55)
(4, [(55, 66), (56, 66), (55, 66), (56, 66)], 1.0, 1.0)
(8, [(55, 66), (57, 66), (53, 66), (54, 65), (55, 65), (55, 65), (53, 67), (56, 65)], 0.48, 0.54)
(8, [(55, 65), (57, 66), (53, 66), (54, 65), (55, 65), (55, 65), (53, 67), (56, 65)], 0.45, 0.62)
(7, [(55, 65), (57, 66), (53, 66), (54, 65), (55, 65), (55, 65), (53, 67)], 0.47, 0.65)
(3, [(53, 65), (54, 65), (53, 66)], 0.8, 0.23)
(3, [(55, 65), (55, 65), (55, 65)], 1.0, 1.0)
(6, [(55, 65), (54, 66), (54, 65), (54, 65), (54, 65), (54, 66)], 0.64, 0.81)
(3, [(55, 66), (55, 66), (55, 67)], 0.65, 0.71)
(2, [(55, 66), (55, 66)], 1.0, 1.0)
(2, [(55, 68), (55, 66)], 1.0, 0.0)
(3, [(56, 65), (55, 66), (56, 65)], 0.65, 0.71)
(2, [(56, 66), (56, 67)], 1.0, 0.0)
(2, [(56, 66), (55, 67)], 1.0, 0.0)
(5, [(55, 68), (59, 70), (58, 66), (50, 73), (60, 65)], 0.45, 0.58)
(2, [(55, 68), (58, 66)], 1.0, 0.0)
(3, [(55, 67), (58, 66), (50, 71)], 0.52, 0.54)
(2, [(55, 67), (51, 70)], 1.0, 0.0)
(4, [(56, 66), (49, 64), (59, 64), (49, 72)], 0.7, 0.43)
(2, [(56, 66), (59, 64)], 1.0, 0.0)
(2, [(56, 66), (58, 64)], 1.0, 0.0)
(2, [(55, 65), (57, 65)], 1.0, 0.0)
(2, [(55, 65), (56, 65)], 1.0, 0.0)
(3, [(55, 65), (55, 64), (50, 67)], 0.65, 0.62)
(2, [(54, 65), (53, 66)], 1.0, 0.0)
(2, [(55, 65), (54, 67)], 1.0, 0.0)
(6, [(57, 67), (61, 70), (51, 63), (60, 65), (49, 74), (62, 63)], 0.45, 0.48)
(3, [(59, 69), (58, 66), (59, 64)], 0.56, 0.45)
(3, [(58, 69), (50, 73), (58, 65)], 0.65, 0.51)
(3, [(57, 68), (50, 71), (57, 64)], 0.67, 0.48)
(2, [(56, 67), (50, 70)], 1.0, 0.0)
(2, [(55, 66), (51, 69)], 1.0, 0.0)
(3, [(58, 67), (61, 70), (62, 63)], 0.79, 0.32)
(3, [(56, 66), (60, 69), (60, 63)], 0.91, 0.12)
(3, [(56, 66), (59, 69), (59, 63)], 0.8, 0.23)
(2, [(58, 69), (58, 63)], 1.0, 0.0)
(3, [(61, 70), (51, 63), (49, 74)], 0.95, 0.1)
(2, [(57, 66), (50, 73)], 1.0, 0.0)
(2, [(55, 66), (60, 65)], 1.0, 0.0)
(5, [(57, 65), (60, 68), (59, 64), (50, 71), (60, 63)], 0.38, 0.64)
(2, [(57, 65), (57, 63)], 1.0, 0.0)
(6, [(56, 67), (60, 69), (52, 69), (59, 65), (50, 73), (60, 64)], 0.52, 0.6)
(3, [(51, 66), (51, 65), (52, 64)], 0.56, 0.45)
(2, [(51, 65), (52, 65)], 1.0, 0.0)
(6, [(52, 64), (55, 66), (52, 65), (52, 64), (53, 64), (51, 67)], 0.47, 0.56)
(3, [(52, 64), (52, 65), (53, 63)], 0.56, 0.45)
(3, [(53, 64), (52, 64), (53, 63)], 0.8, 0.23)
(2, [(53, 64), (53, 64)], 1.0, 1.0)
(3, [(53, 64), (53, 65), (53, 64)], 0.65, 0.71)
(5, [(56, 67), (60, 69), (59, 65), (50, 73), (60, 64)], 0.4, 0.63)
(6, [(57, 65), (60, 68), (52, 64), (59, 65), (51, 72), (61, 64)], 0.51, 0.53)
(5, [(57, 65), (60, 68), (59, 65), (51, 72), (61, 64)], 0.39, 0.62)
(3, [(57, 65), (60, 67), (59, 65)], 0.65, 0.36)
(2, [(56, 64), (60, 66)], 1.0, 0.0)
(2, [(56, 64), (60, 67)], 1.0, 0.0)
(6, [(55, 66), (59, 69), (52, 65), (58, 66), (51, 72), (59, 65)], 0.57, 0.52)
(5, [(55, 66), (59, 69), (58, 66), (51, 72), (59, 65)], 0.51, 0.6)
(2, [(54, 67), (59, 65)], 1.0, 0.0)
(2, [(54, 66), (59, 65)], 1.0, 0.0)
(2, [(58, 69), (58, 64)], 1.0, 0.0)
(2, [(58, 69), (57, 65)], 1.0, 0.0)
(2, [(55, 67), (58, 65)], 1.0, 0.0)
(6, [(54, 66), (58, 68), (52, 65), (57, 65), (51, 70), (57, 64)], 0.58, 0.54)
(6, [(53, 65), (58, 68), (52, 65), (57, 65), (51, 70), (57, 64)], 0.68, 0.61)
(5, [(53, 64), (58, 68), (52, 65), (57, 65), (51, 70)], 0.75, 0.5)
(5, [(56, 67), (60, 69), (52, 64), (59, 65), (50, 73)], 0.52, 0.45)
(3, [(56, 67), (59, 65), (50, 73)], 0.53, 0.56)
(3, [(56, 66), (59, 65), (50, 71)], 0.55, 0.56)
(3, [(55, 65), (58, 66), (51, 70)], 0.68, 0.48)
(6, [(57, 66), (60, 68), (52, 64), (59, 65), (51, 72), (61, 64)], 0.46, 0.51)
(3, [(57, 65), (59, 65), (61, 64)], 0.45, 0.43)
(3, [(56, 66), (59, 64), (59, 64)], 0.65, 0.71)
(2, [(57, 63), (58, 64)], 1.0, 0.0)
(2, [(56, 64), (57, 64)], 1.0, 0.0)
(2, [(53, 66), (56, 64)], 1.0, 0.0)
(3, [(58, 66), (61, 68), (62, 63)], 0.87, 0.25)
(2, [(58, 66), (59, 68)], 1.0, 0.0)
(6, [(56, 66), (60, 69), (50, 64), (59, 64), (50, 72), (60, 63)], 0.51, 0.47)
(6, [(56, 66), (60, 69), (51, 65), (59, 64), (51, 71), (60, 64)], 0.55, 0.47)
(2, [(58, 66), (59, 66)], 1.0, 0.0)
(2, [(58, 67), (60, 66)], 1.0, 0.0)
(2, [(61, 69), (62, 63)], 1.0, 0.0)
(2, [(59, 69), (61, 64)], 1.0, 0.0)
(3, [(58, 66), (61, 69), (62, 63)], 0.84, 0.24)
(2, [(57, 65), (61, 67)], 1.0, 0.0)
(2, [(57, 65), (60, 67)], 1.0, 0.0)
(5, [(57, 67), (51, 63), (61, 64), (49, 74), (62, 63)], 0.51, 0.58)
(2, [(51, 63), (61, 63)], 1.0, 0.0)
(3, [(58, 66), (60, 66), (61, 65)], 0.56, 0.45)
(3, [(59, 67), (60, 67), (61, 66)], 0.56, 0.45)
(3, [(58, 68), (59, 67), (60, 67)], 0.56, 0.45)
(3, [(56, 69), (56, 68), (57, 68)], 0.8, 0.23)
(2, [(56, 68), (57, 68)], 1.0, 0.0)
(2, [(60, 64), (61, 64)], 1.0, 0.0)
(3, [(56, 65), (60, 66), (61, 65)], 0.64, 0.56)
(3, [(56, 65), (59, 65), (60, 65)], 0.56, 0.59)
(2, [(58, 65), (58, 65)], 1.0, 1.0)
(3, [(57, 65), (60, 65), (60, 64)], 0.7, 0.53)
(3, [(59, 67), (61, 66), (61, 66)], 0.65, 0.71)
(2, [(61, 66), (61, 66)], 1.0, 1.0)
(3, [(58, 66), (59, 66), (60, 65)], 0.56, 0.45)
(3, [(57, 67), (61, 70), (49, 74)], 0.7, 0.48)
(2, [(57, 67), (49, 74)], 1.0, 0.0)
(2, [(57, 67), (50, 73)], 1.0, 0.0)
(4, [(57, 67), (61, 70), (49, 74), (62, 63)], 0.44, 0.52)
(3, [(56, 66), (60, 70), (50, 73)], 0.78, 0.37)
(8, [(55, 66), (59, 69), (54, 67), (52, 65), (53, 64), (58, 65), (51, 72), (59, 64)], 0.46, 0.56)
(2, [(55, 66), (54, 67)], 1.0, 0.0)
(2, [(52, 65), (53, 64)], 1.0, 0.0)
(2, [(53, 66), (52, 65)], 1.0, 0.0)
(3, [(55, 64), (54, 64), (55, 63)], 0.8, 0.23)
(7, [(55, 65), (58, 65), (56, 64), (55, 64), (56, 63), (57, 65), (53, 68)], 0.38, 0.62)
(6, [(55, 65), (57, 65), (56, 63), (56, 63), (56, 64), (53, 67)], 0.42, 0.69)
(2, [(56, 63), (56, 63)], 1.0, 1.0)
(3, [(55, 65), (56, 63), (55, 64)], 0.56, 0.45)
(2, [(55, 65), (56, 63)], 1.0, 0.0)
(6, [(55, 66), (59, 68), (51, 65), (58, 64), (50, 71), (59, 63)], 0.5, 0.52)
(3, [(56, 64), (58, 64), (59, 63)], 0.56, 0.45)
(2, [(55, 64), (58, 65)], 1.0, 0.0)
(4, [(55, 68), (59, 70), (58, 66), (50, 73)], 0.52, 0.51)
(2, [(55, 67), (58, 66)], 1.0, 0.0)
(3, [(57, 67), (49, 74), (62, 63)], 0.45, 0.51)
(3, [(57, 67), (50, 73), (62, 63)], 0.41, 0.49)
(2, [(51, 70), (59, 64)], 1.0, 0.0)
(5, [(59, 68), (61, 70), (61, 66), (51, 74), (62, 64)], 0.28, 0.64)
(2, [(52, 62), (50, 73)], 1.0, 0.0)
(4, [(57, 65), (60, 64), (50, 71), (60, 64)], 0.38, 0.74)
(3, [(55, 64), (56, 63), (56, 62)], 0.56, 0.45)
(3, [(57, 67), (61, 70), (61, 64)], 0.91, 0.12)
(3, [(57, 67), (60, 70), (61, 64)], 0.84, 0.24)
(3, [(56, 66), (59, 69), (59, 64)], 0.86, 0.23)
(2, [(58, 69), (59, 64)], 1.0, 0.0)
(8, [(57, 66), (60, 68), (53, 68), (52, 64), (53, 64), (59, 65), (51, 71), (60, 64)], 0.64, 0.57)
(8, [(56, 66), (59, 68), (53, 66), (53, 65), (54, 65), (58, 65), (52, 70), (59, 64)], 0.54, 0.52)
(6, [(57, 64), (53, 65), (53, 65), (53, 64), (58, 65), (52, 71)], 0.49, 0.72)
(2, [(57, 64), (58, 65)], 1.0, 0.0)
(2, [(54, 64), (53, 64)], 1.0, 0.0)
(6, [(58, 66), (61, 69), (52, 62), (61, 64), (50, 73), (62, 63)], 0.47, 0.53)
(2, [(59, 67), (59, 64)], 1.0, 0.0)
(6, [(56, 67), (60, 69), (52, 64), (59, 65), (50, 73), (60, 64)], 0.44, 0.53)
(3, [(56, 67), (58, 66), (59, 64)], 0.5, 0.4)
(6, [(57, 66), (59, 69), (52, 65), (58, 65), (51, 72), (59, 64)], 0.54, 0.54)
(2, [(58, 66), (58, 66)], 1.0, 1.0)
(3, [(56, 66), (60, 68), (60, 63)], 0.95, 0.1)
(2, [(58, 68), (59, 64)], 1.0, 0.0)
(3, [(57, 67), (51, 69), (58, 64)], 0.62, 0.51)
(4, [(60, 69), (59, 65), (50, 73), (61, 64)], 0.5, 0.63)
(4, [(59, 69), (58, 66), (50, 71), (59, 65)], 0.52, 0.63)
(3, [(58, 68), (58, 66), (58, 65)], 0.49, 0.54)
(2, [(58, 67), (58, 66)], 1.0, 0.0)
(2, [(56, 66), (56, 65)], 1.0, 0.0)
(3, [(59, 69), (58, 66), (59, 65)], 0.65, 0.51)
(2, [(54, 67), (53, 66)], 1.0, 0.0)
(6, [(56, 67), (60, 68), (53, 63), (59, 65), (51, 72), (60, 64)], 0.48, 0.54)
(6, [(55, 66), (59, 68), (54, 64), (58, 65), (52, 71), (59, 64)], 0.53, 0.57)
(1, [(53, 70)], 0.0, 1.0)
(3, [(58, 67), (57, 66), (58, 65)], 0.8, 0.23)
(2, [(54, 66), (53, 66)], 1.0, 0.0)
(2, [(57, 66), (58, 65)], 1.0, 0.0)
(2, [(58, 67), (57, 66)], 1.0, 0.0)
(2, [(53, 66), (54, 65)], 1.0, 0.0)
(2, [(58, 67), (57, 65)], 1.0, 0.0)
(5, [(56, 67), (59, 69), (58, 66), (51, 72), (59, 65)], 0.39, 0.63)
(2, [(57, 65), (57, 65)], 1.0, 1.0)
(5, [(55, 66), (59, 69), (58, 66), (51, 72), (60, 65)], 0.5, 0.57)
(2, [(55, 66), (59, 67)], 1.0, 0.0)
(2, [(54, 67), (57, 67)], 1.0, 0.0)
(2, [(53, 67), (58, 67)], 1.0, 0.0)
(3, [(57, 65), (59, 66), (60, 65)], 0.69, 0.43)
(3, [(56, 65), (60, 67), (60, 66)], 0.67, 0.59)
(2, [(59, 66), (59, 66)], 1.0, 1.0)
(6, [(56, 66), (59, 67), (53, 65), (58, 65), (52, 71), (59, 64)], 0.44, 0.56)
(5, [(56, 66), (59, 67), (58, 65), (52, 71), (59, 64)], 0.37, 0.64)
(4, [(57, 65), (59, 67), (58, 65), (52, 71)], 0.51, 0.65)
(3, [(53, 63), (55, 62), (56, 62)], 0.54, 0.55)
(4, [(53, 64), (51, 64), (54, 63), (55, 63)], 0.5, 0.58)
(3, [(56, 66), (51, 64), (50, 67)], 0.77, 0.39)
(2, [(56, 66), (50, 67)], 1.0, 0.0)
(6, [(54, 65), (58, 68), (54, 66), (57, 66), (52, 71), (58, 65)], 0.56, 0.62)
(4, [(54, 65), (57, 67), (55, 66), (53, 69)], 0.62, 0.46)
(4, [(54, 65), (56, 66), (55, 66), (54, 68)], 0.55, 0.48)
(3, [(55, 66), (54, 66), (54, 67)], 0.8, 0.23)
(5, [(54, 66), (58, 68), (53, 66), (57, 65), (52, 70)], 0.64, 0.48)
(2, [(54, 66), (57, 65)], 1.0, 0.0)
(4, [(55, 66), (59, 67), (54, 64), (59, 64)], 0.84, 0.39)
(2, [(54, 64), (59, 64)], 1.0, 0.0)
(4, [(53, 65), (57, 67), (56, 64), (57, 64)], 0.66, 0.48)
(3, [(56, 66), (55, 63), (56, 63)], 0.7, 0.53)
(4, [(50, 67), (49, 64), (51, 63), (49, 71)], 0.48, 0.57)
(5, [(55, 65), (49, 64), (51, 63), (58, 63), (59, 62)], 0.66, 0.66)
(3, [(59, 68), (50, 67), (49, 71)], 0.71, 0.48)
(7, [(54, 64), (58, 67), (50, 65), (51, 63), (57, 63), (49, 69), (58, 62)], 0.58, 0.52)
(7, [(55, 63), (58, 67), (50, 65), (51, 63), (57, 63), (49, 69), (58, 62)], 0.66, 0.57)
(2, [(55, 63), (57, 63)], 1.0, 0.0)
(2, [(50, 65), (51, 63)], 1.0, 0.0)
(4, [(54, 63), (50, 65), (51, 63), (55, 63)], 0.73, 0.61)
(2, [(50, 67), (50, 64)], 1.0, 0.0)
(4, [(56, 65), (50, 68), (50, 66), (57, 65)], 0.89, 0.73)
(4, [(55, 66), (50, 68), (50, 67), (56, 66)], 0.88, 0.79)
(4, [(56, 66), (50, 68), (50, 68), (56, 66)], 1.0, 1.0)
(3, [(56, 66), (50, 68), (56, 66)], 0.65, 0.71)
(2, [(56, 66), (50, 68)], 1.0, 0.0)
(6, [(54, 65), (58, 68), (53, 64), (57, 65), (51, 70), (58, 64)], 0.58, 0.58)
(6, [(54, 65), (58, 67), (53, 64), (57, 65), (51, 70), (58, 64)], 0.55, 0.61)
(6, [(54, 66), (58, 68), (53, 65), (57, 65), (51, 70), (58, 64)], 0.56, 0.59)
(3, [(54, 66), (53, 65), (51, 70)], 0.68, 0.56)
(6, [(53, 65), (58, 68), (53, 65), (57, 65), (51, 70), (58, 64)], 0.65, 0.66)
(6, [(52, 65), (58, 68), (53, 65), (57, 65), (51, 70), (58, 64)], 0.69, 0.6)
(4, [(52, 65), (53, 65), (57, 65), (51, 70)], 0.53, 0.55)
(2, [(52, 65), (57, 65)], 1.0, 0.0)
(5, [(54, 66), (51, 66), (51, 64), (52, 64), (50, 70)], 0.48, 0.57)
(3, [(58, 68), (57, 64), (58, 63)], 0.64, 0.56)
(2, [(51, 66), (52, 64)], 1.0, 0.0)
(7, [(54, 65), (57, 67), (53, 65), (53, 64), (55, 64), (51, 69), (57, 64)], 0.43, 0.53)
(3, [(54, 65), (53, 65), (53, 64)], 0.8, 0.23)
(2, [(53, 65), (52, 65)], 1.0, 0.0)
(3, [(54, 65), (55, 65), (55, 65)], 0.65, 0.71)
(3, [(53, 66), (53, 65), (53, 67)], 0.29, 0.42)
(5, [(54, 66), (54, 65), (53, 65), (53, 64), (52, 66)], 0.59, 0.36)
(3, [(54, 65), (53, 64), (53, 65)], 0.8, 0.23)
(6, [(53, 65), (58, 68), (53, 64), (57, 65), (51, 70), (58, 64)], 0.65, 0.61)
(5, [(52, 65), (58, 68), (53, 64), (57, 65), (51, 70)], 0.75, 0.5)
(7, [(55, 65), (59, 68), (50, 67), (49, 64), (58, 63), (49, 71), (59, 62)], 0.63, 0.51)
(6, [(55, 65), (50, 67), (49, 64), (58, 63), (49, 71), (59, 62)], 0.62, 0.61)
(5, [(55, 65), (49, 64), (58, 63), (49, 71), (59, 62)], 0.54, 0.57)
(5, [(54, 65), (51, 64), (57, 64), (50, 70), (58, 63)], 0.43, 0.59)
(5, [(53, 64), (51, 64), (57, 64), (50, 70), (58, 63)], 0.55, 0.65)
(2, [(53, 64), (57, 64)], 1.0, 0.0)
(7, [(55, 65), (59, 68), (50, 67), (51, 63), (58, 63), (49, 71), (59, 62)], 0.59, 0.49)
(7, [(54, 66), (58, 68), (52, 66), (52, 64), (57, 64), (50, 70), (58, 63)], 0.52, 0.53)
(6, [(54, 66), (52, 66), (52, 64), (57, 64), (50, 70), (58, 63)], 0.43, 0.63)
(6, [(53, 65), (51, 65), (52, 64), (57, 64), (50, 70), (58, 63)], 0.43, 0.66)
(3, [(52, 64), (51, 65), (52, 64)], 0.65, 0.71)
(2, [(52, 64), (52, 64)], 1.0, 1.0)
(8, [(57, 66), (60, 68), (54, 67), (52, 64), (53, 64), (59, 65), (51, 71), (60, 64)], 0.58, 0.56)
(8, [(57, 65), (60, 68), (53, 66), (52, 64), (53, 64), (59, 65), (51, 71), (60, 64)], 0.62, 0.59)
(8, [(57, 65), (60, 68), (52, 65), (52, 64), (53, 64), (59, 65), (51, 71), (60, 64)], 0.64, 0.6)
(3, [(52, 65), (52, 64), (53, 64)], 0.8, 0.23)
(2, [(58, 66), (60, 66)], 1.0, 0.0)
(5, [(58, 66), (54, 66), (55, 65), (60, 67), (60, 66)], 0.61, 0.66)
(5, [(59, 67), (54, 66), (54, 65), (60, 67), (60, 66)], 0.77, 0.76)
(5, [(58, 67), (53, 66), (56, 65), (59, 67), (59, 66)], 0.57, 0.62)
(3, [(57, 67), (57, 67), (58, 67)], 0.65, 0.71)
(3, [(55, 66), (56, 67), (56, 68)], 0.56, 0.45)
(3, [(54, 66), (55, 67), (56, 67)], 0.56, 0.45)
(2, [(53, 66), (55, 66)], 1.0, 0.0)
(2, [(56, 66), (58, 66)], 1.0, 0.0)
(2, [(55, 67), (57, 67)], 1.0, 0.0)
(6, [(54, 66), (58, 67), (53, 64), (57, 65), (51, 70), (58, 64)], 0.54, 0.58)
(3, [(58, 67), (57, 65), (57, 65)], 0.65, 0.71)
(6, [(54, 66), (58, 67), (53, 64), (57, 65), (51, 70), (57, 64)], 0.53, 0.6)
(5, [(53, 65), (57, 66), (53, 64), (55, 64), (51, 69)], 0.52, 0.56)
(3, [(53, 65), (57, 65), (56, 64)], 0.65, 0.51)
(2, [(53, 65), (56, 64)], 1.0, 0.0)
(2, [(55, 64), (59, 66)], 1.0, 0.0)
(6, [(53, 65), (58, 68), (52, 65), (57, 65), (51, 70), (58, 64)], 0.69, 0.6)
(3, [(53, 64), (58, 68), (57, 65)], 0.62, 0.41)
(2, [(53, 64), (57, 65)], 1.0, 0.0)
(3, [(56, 65), (58, 66), (51, 72)], 0.67, 0.57)
(2, [(54, 64), (52, 69)], 1.0, 0.0)
(2, [(54, 64), (52, 68)], 1.0, 0.0)
(6, [(54, 66), (59, 68), (54, 64), (58, 65), (52, 71), (59, 64)], 0.62, 0.58)
(5, [(53, 65), (59, 68), (54, 64), (58, 65), (52, 71)], 0.73, 0.52)
(2, [(53, 65), (58, 65)], 1.0, 0.0)
(2, [(54, 65), (58, 66)], 1.0, 0.0)
(3, [(55, 65), (57, 66), (52, 69)], 0.7, 0.49)
(3, [(55, 65), (57, 66), (52, 68)], 0.68, 0.47)
(3, [(56, 66), (51, 63), (49, 72)], 0.83, 0.31)
(4, [(57, 67), (61, 70), (51, 63), (61, 64)], 0.5, 0.45)
(2, [(57, 66), (60, 69)], 1.0, 0.0)
(4, [(57, 67), (61, 69), (50, 73), (62, 63)], 0.42, 0.52)
(3, [(60, 69), (50, 73), (61, 64)], 0.63, 0.51)
(5, [(57, 67), (60, 70), (59, 65), (50, 73), (61, 64)], 0.38, 0.61)
(3, [(58, 68), (57, 65), (58, 65)], 0.7, 0.53)
(2, [(57, 68), (57, 65)], 1.0, 0.0)
(2, [(56, 67), (56, 64)], 1.0, 0.0)
(4, [(56, 67), (59, 65), (50, 73), (61, 64)], 0.34, 0.66)
(4, [(59, 69), (58, 65), (50, 73), (59, 64)], 0.53, 0.64)
(4, [(58, 69), (58, 66), (50, 73), (59, 65)], 0.46, 0.67)
(4, [(57, 69), (56, 65), (51, 72), (58, 66)], 0.56, 0.58)
(3, [(56, 67), (51, 70), (57, 65)], 0.58, 0.56)
(2, [(55, 67), (51, 69)], 1.0, 0.0)
(2, [(55, 67), (51, 68)], 1.0, 0.0)
(2, [(55, 66), (59, 65)], 1.0, 0.0)
(2, [(55, 66), (59, 66)], 1.0, 0.0)
(3, [(56, 66), (58, 64), (50, 70)], 0.54, 0.57)
(3, [(56, 66), (58, 64), (50, 69)], 0.54, 0.56)
(3, [(56, 66), (58, 64), (50, 68)], 0.54, 0.55)
(6, [(57, 65), (60, 67), (53, 64), (59, 65), (52, 71), (61, 64)], 0.48, 0.54)
(5, [(57, 65), (60, 67), (59, 65), (52, 71), (61, 64)], 0.37, 0.63)
(3, [(57, 65), (59, 65), (60, 65)], 0.49, 0.54)
(3, [(56, 65), (60, 66), (61, 66)], 0.6, 0.62)
(2, [(56, 65), (61, 66)], 1.0, 0.0)
(2, [(57, 66), (61, 66)], 1.0, 0.0)
(2, [(53, 69), (56, 68)], 1.0, 0.0)
(2, [(52, 69), (55, 69)], 1.0, 0.0)
(4, [(61, 69), (51, 63), (50, 73), (62, 63)], 0.83, 0.33)
(3, [(59, 69), (50, 73), (61, 64)], 0.58, 0.5)
(4, [(53, 65), (58, 68), (57, 65), (51, 70)], 0.77, 0.42)
(4, [(53, 65), (57, 68), (56, 66), (52, 69)], 0.8, 0.35)
(2, [(53, 65), (56, 65)], 1.0, 0.0)
(2, [(53, 65), (55, 65)], 1.0, 0.0)
(2, [(61, 70), (51, 63)], 1.0, 0.0)
(4, [(61, 70), (51, 63), (61, 64), (49, 74)], 0.83, 0.35)
(3, [(61, 70), (51, 63), (50, 73)], 0.92, 0.15)
(5, [(54, 65), (58, 67), (54, 66), (57, 65), (53, 69)], 0.68, 0.52)
(5, [(58, 65), (61, 67), (61, 64), (51, 71), (62, 64)], 0.35, 0.67)
(5, [(58, 65), (61, 67), (60, 65), (51, 71), (61, 64)], 0.33, 0.68)
(3, [(58, 65), (60, 65), (61, 65)], 0.49, 0.54)
(3, [(58, 66), (60, 66), (61, 67)], 0.56, 0.45)
(2, [(58, 66), (59, 67)], 1.0, 0.0)
(2, [(57, 66), (59, 67)], 1.0, 0.0)
(2, [(57, 67), (62, 63)], 1.0, 0.0)
(1, [(62, 65)], 0.0, 1.0)
(2, [(60, 67), (61, 66)], 1.0, 0.0)
(3, [(54, 66), (59, 66), (60, 66)], 0.61, 0.63)
(3, [(54, 66), (58, 66), (59, 65)], 0.61, 0.56)
(2, [(57, 66), (58, 66)], 1.0, 0.0)
(2, [(57, 65), (60, 66)], 1.0, 0.0)
(3, [(56, 66), (59, 66), (50, 71)], 0.59, 0.56)
(3, [(57, 67), (59, 66), (52, 71)], 0.56, 0.58)
(2, [(58, 65), (52, 70)], 1.0, 0.0)
(8, [(57, 65), (60, 68), (53, 68), (52, 64), (53, 63), (59, 65), (51, 71), (60, 64)], 0.67, 0.57)
(7, [(57, 65), (60, 68), (52, 64), (53, 63), (59, 65), (51, 71), (60, 64)], 0.59, 0.6)
(6, [(57, 65), (60, 68), (52, 64), (59, 65), (51, 71), (60, 64)], 0.54, 0.54)
(4, [(57, 65), (60, 68), (59, 65), (60, 64)], 0.55, 0.48)
(2, [(60, 66), (61, 65)], 1.0, 0.0)
(2, [(58, 66), (60, 68)], 1.0, 0.0)
(3, [(57, 66), (59, 66), (60, 66)], 0.49, 0.54)
(3, [(56, 65), (60, 67), (60, 67)], 0.65, 0.71)
(3, [(56, 65), (58, 66), (59, 66)], 0.54, 0.55)
(2, [(56, 66), (57, 65)], 1.0, 0.0)
(3, [(61, 70), (51, 63), (62, 63)], 0.8, 0.34)
(2, [(55, 66), (57, 65)], 1.0, 0.0)
(2, [(53, 66), (56, 65)], 1.0, 0.0)
(3, [(55, 66), (58, 66), (51, 72)], 0.63, 0.53)
(3, [(57, 65), (58, 64), (50, 69)], 0.62, 0.64)
(3, [(57, 65), (58, 64), (50, 68)], 0.62, 0.64)
(2, [(58, 64), (50, 68)], 1.0, 0.0)
(3, [(57, 67), (61, 70), (51, 63)], 0.41, 0.49)
(3, [(58, 69), (58, 66), (58, 65)], 0.56, 0.59)
(2, [(57, 68), (56, 64)], 1.0, 0.0)
(3, [(58, 69), (58, 66), (57, 65)], 0.59, 0.52)
(3, [(57, 68), (56, 65), (56, 64)], 0.58, 0.59)
(2, [(56, 67), (56, 65)], 1.0, 0.0)
(3, [(61, 70), (51, 63), (61, 64)], 0.74, 0.41)
(3, [(60, 69), (59, 65), (60, 64)], 0.64, 0.56)
(6, [(55, 66), (59, 69), (53, 65), (58, 66), (51, 72), (59, 64)], 0.53, 0.54)
(6, [(55, 66), (59, 69), (53, 64), (58, 65), (51, 72), (59, 64)], 0.52, 0.54)
(3, [(56, 65), (53, 64), (58, 65)], 0.47, 0.5)
(7, [(58, 66), (61, 69), (51, 64), (52, 62), (61, 64), (50, 73), (62, 63)], 0.61, 0.59)
(6, [(58, 65), (61, 68), (51, 63), (61, 64), (50, 72), (62, 63)], 0.52, 0.54)
(3, [(58, 65), (61, 64), (62, 63)], 0.54, 0.55)
(3, [(56, 66), (59, 65), (50, 70)], 0.53, 0.55)
(3, [(56, 66), (60, 66), (50, 69)], 0.5, 0.5)
(3, [(57, 65), (59, 65), (50, 70)], 0.62, 0.61)
(2, [(57, 65), (50, 69)], 1.0, 0.0)
(4, [(57, 65), (59, 65), (52, 71), (60, 65)], 0.44, 0.69)
(3, [(54, 65), (58, 68), (52, 71)], 0.89, 0.22)
(5, [(57, 67), (61, 70), (51, 63), (61, 64), (49, 74)], 0.56, 0.4)
(3, [(60, 70), (61, 64), (50, 73)], 0.65, 0.46)
(3, [(59, 69), (59, 65), (50, 73)], 0.66, 0.52)
(2, [(58, 69), (58, 66)], 1.0, 0.0)
(2, [(57, 68), (56, 65)], 1.0, 0.0)
(2, [(56, 66), (50, 70)], 1.0, 0.0)
(2, [(56, 66), (51, 69)], 1.0, 0.0)
(8, [(57, 65), (60, 69), (51, 70), (51, 65), (52, 64), (59, 65), (50, 73), (60, 64)], 0.72, 0.63)
(8, [(57, 65), (60, 69), (51, 71), (51, 65), (52, 64), (59, 65), (50, 73), (60, 64)], 0.73, 0.66)
(2, [(51, 71), (50, 73)], 1.0, 0.0)
(6, [(58, 66), (50, 70), (52, 64), (60, 66), (50, 71), (61, 65)], 0.76, 0.66)
(2, [(51, 70), (51, 71)], 1.0, 0.0)
(5, [(59, 68), (51, 69), (61, 67), (51, 70), (61, 67)], 0.73, 0.88)
(5, [(59, 68), (50, 67), (61, 67), (50, 69), (61, 67)], 0.75, 0.83)
(3, [(58, 67), (59, 67), (60, 67)], 0.29, 0.42)
(2, [(50, 66), (51, 68)], 1.0, 0.0)
(3, [(57, 67), (58, 67), (59, 67)], 0.29, 0.42)
(2, [(51, 66), (52, 67)], 1.0, 0.0)
(3, [(56, 66), (56, 66), (57, 66)], 0.65, 0.71)
(5, [(54, 65), (51, 66), (55, 66), (52, 66), (56, 66)], 0.64, 0.65)
(4, [(53, 65), (53, 64), (52, 66), (54, 64)], 0.47, 0.51)
(2, [(53, 64), (54, 64)], 1.0, 0.0)
(3, [(53, 65), (53, 64), (54, 64)], 0.8, 0.23)
(2, [(53, 65), (52, 66)], 1.0, 0.0)
(2, [(61, 70), (62, 63)], 1.0, 0.0)
(2, [(60, 69), (61, 64)], 1.0, 0.0)
(5, [(58, 65), (61, 68), (61, 64), (50, 72), (62, 63)], 0.36, 0.65)
(2, [(59, 66), (61, 66)], 1.0, 0.0)
(3, [(59, 66), (61, 66), (61, 65)], 0.74, 0.44)
(3, [(59, 66), (61, 66), (60, 65)], 0.8, 0.23)
(2, [(59, 67), (60, 66)], 1.0, 0.0)
(6, [(58, 65), (61, 68), (52, 62), (61, 64), (50, 72), (62, 63)], 0.49, 0.54)
(4, [(57, 65), (60, 68), (59, 65), (59, 64)], 0.52, 0.55)
(3, [(59, 67), (57, 64), (58, 63)], 0.69, 0.51)
(2, [(59, 67), (58, 63)], 1.0, 0.0)
(3, [(57, 67), (61, 64), (49, 74)], 0.5, 0.55)
(2, [(61, 70), (49, 74)], 1.0, 0.0)
(4, [(58, 66), (61, 69), (61, 64), (50, 73)], 0.48, 0.57)
(4, [(58, 65), (61, 67), (61, 64), (50, 71)], 0.46, 0.61)
(3, [(56, 66), (58, 66), (58, 65)], 0.74, 0.44)
(2, [(56, 66), (57, 66)], 1.0, 0.0)
(4, [(56, 66), (57, 65), (57, 64), (50, 67)], 0.44, 0.68)
(3, [(56, 66), (57, 65), (57, 64)], 0.56, 0.45)
(2, [(51, 70), (50, 73)], 1.0, 0.0)
(6, [(57, 65), (60, 69), (51, 65), (52, 64), (59, 65), (60, 64)], 0.54, 0.64)
(6, [(57, 65), (51, 70), (52, 64), (59, 65), (51, 71), (60, 64)], 0.74, 0.67)
(6, [(58, 66), (51, 69), (52, 64), (60, 66), (50, 70), (61, 65)], 0.76, 0.66)
(5, [(59, 67), (52, 69), (60, 67), (52, 70), (61, 66)], 0.73, 0.83)
(2, [(53, 68), (53, 69)], 1.0, 0.0)
(2, [(55, 68), (54, 69)], 1.0, 0.0)
(2, [(57, 67), (56, 68)], 1.0, 0.0)
(1, [(55, 69)], 0.0, 1.0)
(4, [(56, 66), (57, 67), (57, 67), (56, 68)], 0.62, 0.55)
(2, [(57, 66), (57, 66)], 1.0, 1.0)
(2, [(56, 67), (55, 67)], 1.0, 0.0)
(5, [(56, 66), (56, 67), (57, 66), (55, 67), (57, 65)], 0.55, 0.41)
(3, [(56, 66), (56, 67), (57, 66)], 0.8, 0.23)
(3, [(56, 66), (57, 66), (57, 65)], 0.8, 0.23)
(3, [(56, 66), (56, 67), (55, 67)], 0.8, 0.23)
(2, [(49, 64), (49, 68)], 1.0, 0.0)
(4, [(57, 67), (61, 70), (51, 63), (62, 63)], 0.56, 0.43)
(3, [(61, 69), (51, 63), (62, 63)], 0.78, 0.39)
(2, [(60, 68), (61, 64)], 1.0, 0.0)
(5, [(58, 67), (61, 70), (61, 64), (49, 74), (62, 63)], 0.33, 0.66)
(5, [(58, 67), (60, 70), (59, 65), (50, 73), (61, 64)], 0.35, 0.62)
(5, [(58, 67), (59, 69), (58, 65), (50, 73), (59, 64)], 0.36, 0.67)
(3, [(58, 67), (58, 69), (58, 64)], 0.42, 0.49)
(2, [(57, 66), (57, 68)], 1.0, 0.0)
(3, [(57, 66), (56, 67), (51, 70)], 0.6, 0.62)
(3, [(57, 66), (56, 67), (51, 69)], 0.6, 0.61)
(3, [(57, 66), (56, 67), (51, 68)], 0.61, 0.6)
(2, [(57, 66), (56, 67)], 1.0, 0.0)
(3, [(55, 66), (58, 66), (59, 65)], 0.59, 0.52)
(5, [(55, 66), (59, 69), (58, 65), (51, 72), (59, 65)], 0.52, 0.61)
(3, [(58, 66), (59, 65), (61, 65)], 0.56, 0.45)
(3, [(58, 66), (59, 65), (61, 66)], 0.69, 0.43)
(1, [(56, 62)], 0.0, 1.0)
(2, [(57, 67), (49, 64)], 1.0, 0.0)
(2, [(56, 65), (58, 64)], 1.0, 0.0)
(2, [(56, 64), (56, 63)], 1.0, 0.0)
(6, [(58, 66), (61, 69), (51, 64), (52, 62), (61, 64), (62, 63)], 0.63, 0.61)
(4, [(51, 70), (51, 64), (52, 62), (50, 73)], 0.69, 0.67)
(5, [(59, 67), (52, 71), (53, 63), (61, 66), (62, 64)], 0.61, 0.48)
(3, [(59, 67), (61, 66), (62, 65)], 0.47, 0.5)
(2, [(58, 66), (54, 64)], 1.0, 0.0)
(5, [(57, 66), (51, 69), (54, 64), (59, 65), (59, 65)], 0.5, 0.67)
(2, [(56, 65), (57, 64)], 1.0, 0.0)
(3, [(54, 64), (55, 64), (55, 64)], 0.65, 0.71)
(4, [(54, 64), (51, 66), (55, 64), (54, 64)], 0.39, 0.72)
(7, [(56, 66), (60, 69), (49, 64), (51, 63), (59, 64), (49, 72), (60, 63)], 0.61, 0.54)
(3, [(56, 66), (58, 65), (59, 63)], 0.5, 0.4)
(3, [(54, 66), (56, 64), (56, 63)], 0.61, 0.56)
(6, [(55, 66), (59, 69), (51, 64), (58, 64), (50, 71), (59, 63)], 0.51, 0.47)
(3, [(59, 67), (58, 65), (59, 64)], 0.69, 0.43)
(2, [(56, 66), (59, 67)], 1.0, 0.0)
(6, [(58, 66), (61, 69), (52, 69), (61, 64), (50, 73), (62, 63)], 0.55, 0.65)
(4, [(53, 68), (52, 63), (53, 62), (51, 71)], 0.68, 0.66)
(2, [(57, 65), (54, 67)], 1.0, 0.0)
(2, [(54, 67), (52, 70)], 1.0, 0.0)
(8, [(57, 65), (60, 67), (54, 66), (53, 64), (54, 63), (59, 65), (52, 70), (60, 64)], 0.59, 0.56)
(4, [(54, 66), (53, 64), (54, 63), (52, 70)], 0.45, 0.62)
(2, [(55, 63), (55, 62)], 1.0, 0.0)
(8, [(57, 65), (60, 66), (55, 65), (55, 63), (55, 62), (59, 65), (53, 68), (59, 64)], 0.53, 0.56)
(8, [(58, 66), (60, 66), (54, 65), (54, 63), (55, 62), (59, 66), (53, 68), (60, 65)], 0.74, 0.58)
(8, [(57, 65), (59, 66), (55, 65), (55, 64), (55, 64), (58, 65), (53, 67), (59, 65)], 0.55, 0.67)
(6, [(55, 65), (55, 65), (55, 64), (58, 67), (52, 67), (60, 66)], 0.48, 0.64)
(5, [(55, 65), (55, 65), (55, 64), (57, 66), (58, 65)], 0.73, 0.67)
(4, [(54, 66), (55, 65), (58, 67), (59, 66)], 0.84, 0.6)
(3, [(56, 66), (57, 66), (57, 66)], 0.65, 0.71)
(2, [(55, 66), (57, 67)], 1.0, 0.0)
(3, [(57, 65), (51, 63), (59, 64)], 0.61, 0.56)
(2, [(57, 65), (60, 65)], 1.0, 0.0)
(2, [(54, 64), (51, 63)], 1.0, 0.0)
(2, [(53, 63), (51, 63)], 1.0, 0.0)
(2, [(55, 62), (56, 62)], 1.0, 0.0)
(6, [(53, 63), (57, 67), (51, 63), (55, 62), (49, 68), (56, 62)], 0.57, 0.54)
(5, [(53, 63), (51, 63), (55, 62), (49, 68), (56, 62)], 0.41, 0.67)
(3, [(53, 63), (51, 63), (55, 62)], 0.45, 0.43)
(3, [(53, 63), (51, 63), (55, 63)], 0.29, 0.42)
(2, [(54, 63), (52, 62)], 1.0, 0.0)
(2, [(55, 63), (52, 62)], 1.0, 0.0)
(7, [(55, 65), (59, 68), (51, 66), (50, 64), (58, 63), (50, 70), (59, 62)], 0.6, 0.49)
(7, [(56, 64), (58, 67), (50, 66), (50, 64), (58, 63), (50, 70), (59, 62)], 0.7, 0.58)
(6, [(56, 64), (58, 66), (51, 65), (51, 63), (58, 63), (51, 69)], 0.75, 0.5)
(5, [(56, 64), (58, 66), (51, 65), (51, 63), (58, 63)], 0.68, 0.52)
(3, [(56, 64), (51, 65), (58, 63)], 0.53, 0.55)
(5, [(57, 67), (59, 69), (58, 65), (50, 73), (59, 64)], 0.33, 0.66)
(4, [(57, 67), (58, 69), (50, 73), (58, 64)], 0.45, 0.61)
(3, [(57, 66), (57, 68), (50, 71)], 0.66, 0.58)
(5, [(58, 66), (61, 69), (52, 62), (50, 73), (62, 63)], 0.56, 0.42)
(2, [(57, 67), (60, 70)], 1.0, 0.0)
(2, [(57, 68), (59, 69)], 1.0, 0.0)
(3, [(56, 67), (57, 68), (50, 70)], 0.66, 0.6)
(3, [(56, 67), (57, 68), (51, 69)], 0.66, 0.58)
(2, [(57, 68), (52, 68)], 1.0, 0.0)
(4, [(58, 69), (58, 64), (49, 72), (58, 63)], 0.58, 0.65)
(2, [(57, 68), (50, 71)], 1.0, 0.0)
(2, [(57, 67), (60, 69)], 1.0, 0.0)
(3, [(60, 70), (59, 65), (59, 65)], 0.65, 0.71)
(3, [(59, 68), (56, 65), (58, 66)], 0.5, 0.4)
(3, [(57, 67), (61, 69), (50, 73)], 0.67, 0.49)
(2, [(60, 69), (51, 72)], 1.0, 0.0)
(3, [(57, 67), (61, 70), (62, 63)], 0.87, 0.24)
(3, [(57, 67), (60, 69), (61, 64)], 0.87, 0.25)
(3, [(57, 67), (58, 68), (59, 63)], 0.67, 0.56)
(2, [(57, 67), (58, 68)], 1.0, 0.0)
(2, [(57, 66), (55, 64)], 1.0, 0.0)
(3, [(55, 65), (59, 69), (51, 72)], 0.85, 0.28)
(3, [(58, 66), (59, 66), (61, 65)], 0.54, 0.55)
(6, [(57, 65), (60, 69), (52, 64), (59, 65), (50, 73), (61, 64)], 0.52, 0.55)
(3, [(58, 66), (60, 66), (52, 73)], 0.64, 0.61)
(3, [(59, 67), (60, 67), (53, 73)], 0.64, 0.66)
(3, [(59, 67), (60, 67), (54, 72)], 0.64, 0.65)
(3, [(58, 66), (59, 66), (54, 71)], 0.64, 0.64)
(3, [(58, 66), (58, 66), (54, 70)], 0.65, 0.71)
(3, [(58, 66), (58, 66), (54, 69)], 0.65, 0.71)
(3, [(58, 66), (58, 65), (54, 69)], 0.64, 0.62)
(6, [(56, 66), (60, 69), (52, 64), (59, 65), (50, 73), (61, 64)], 0.48, 0.52)
(3, [(56, 66), (59, 65), (50, 73)], 0.58, 0.58)
(3, [(56, 66), (58, 65), (50, 73)], 0.6, 0.61)
(3, [(55, 65), (59, 66), (50, 71)], 0.66, 0.48)
(2, [(59, 67), (50, 70)], 1.0, 0.0)
(2, [(58, 67), (50, 68)], 1.0, 0.0)
(7, [(58, 66), (61, 69), (51, 70), (51, 64), (52, 62), (50, 73), (62, 63)], 0.72, 0.5)
(4, [(59, 67), (51, 71), (52, 62), (62, 64)], 0.74, 0.35)
(2, [(59, 67), (62, 66)], 1.0, 0.0)
(3, [(57, 66), (51, 69), (59, 65)], 0.56, 0.59)
(3, [(54, 65), (50, 67), (57, 64)], 0.41, 0.48)
(3, [(54, 64), (50, 67), (54, 63)], 0.64, 0.62)
(4, [(57, 67), (61, 64), (49, 74), (62, 63)], 0.32, 0.7)
(4, [(56, 66), (60, 66), (50, 73), (61, 65)], 0.46, 0.67)
(3, [(58, 66), (51, 72), (58, 65)], 0.64, 0.66)
(3, [(57, 67), (61, 67), (50, 73)], 0.58, 0.54)
(3, [(61, 69), (51, 63), (50, 73)], 0.93, 0.13)
(6, [(55, 65), (58, 67), (51, 64), (57, 64), (50, 70), (58, 63)], 0.49, 0.53)
(6, [(54, 64), (58, 67), (51, 64), (56, 64), (50, 69), (57, 63)], 0.56, 0.52)
(5, [(55, 64), (58, 66), (53, 63), (56, 64), (51, 69)], 0.52, 0.56)
(4, [(56, 68), (58, 68), (51, 72), (59, 63)], 0.29, 0.58)
(3, [(56, 68), (58, 68), (51, 72)], 0.61, 0.58)
(3, [(56, 66), (56, 68), (52, 69)], 0.7, 0.48)
(2, [(58, 66), (61, 67)], 1.0, 0.0)
(4, [(57, 67), (61, 70), (61, 64), (49, 74)], 0.47, 0.53)
(3, [(58, 68), (59, 64), (50, 73)], 0.59, 0.54)
(2, [(58, 68), (50, 73)], 1.0, 0.0)
(2, [(58, 65), (59, 66)], 1.0, 0.0)
(3, [(58, 65), (58, 66), (61, 66)], 0.7, 0.53)
(6, [(58, 65), (61, 68), (53, 62), (61, 64), (51, 72), (62, 63)], 0.47, 0.53)
(6, [(57, 65), (60, 67), (53, 62), (59, 64), (50, 71), (60, 63)], 0.42, 0.57)
(5, [(57, 65), (60, 67), (53, 62), (59, 64), (60, 63)], 0.43, 0.57)
(5, [(58, 67), (61, 70), (61, 64), (49, 73), (62, 63)], 0.34, 0.65)
(3, [(58, 67), (61, 69), (62, 63)], 0.81, 0.34)
(3, [(58, 67), (59, 68), (61, 64)], 0.7, 0.53)
(2, [(58, 68), (59, 63)], 1.0, 0.0)
(4, [(58, 67), (51, 63), (57, 63), (49, 69)], 0.82, 0.38)
(3, [(58, 67), (49, 74), (62, 63)], 0.49, 0.54)
(2, [(56, 66), (49, 72)], 1.0, 0.0)
(2, [(58, 65), (61, 68)], 1.0, 0.0)
(2, [(58, 65), (60, 65)], 1.0, 0.0)
(4, [(58, 65), (61, 68), (60, 65), (60, 64)], 0.52, 0.55)
(3, [(59, 68), (58, 66), (58, 65)], 0.54, 0.55)
(4, [(61, 70), (51, 63), (49, 74), (62, 63)], 0.82, 0.31)
(3, [(61, 69), (50, 73), (62, 63)], 0.64, 0.49)
(8, [(57, 66), (60, 68), (52, 67), (52, 64), (53, 64), (59, 65), (51, 71), (60, 64)], 0.66, 0.57)
(3, [(59, 67), (51, 65), (60, 66)], 0.65, 0.63)
(3, [(59, 67), (51, 65), (60, 67)], 0.63, 0.66)
(3, [(58, 68), (51, 65), (59, 67)], 0.65, 0.62)
(2, [(57, 69), (58, 68)], 1.0, 0.0)
(3, [(55, 69), (51, 66), (57, 69)], 0.58, 0.55)
(2, [(55, 69), (55, 69)], 1.0, 1.0)
(2, [(54, 68), (54, 68)], 1.0, 1.0)
(3, [(58, 68), (50, 71), (59, 63)], 0.63, 0.47)
(2, [(57, 67), (50, 70)], 1.0, 0.0)
(2, [(61, 69), (51, 63)], 1.0, 0.0)
(3, [(56, 67), (52, 65), (58, 66)], 0.62, 0.51)
(2, [(56, 67), (58, 66)], 1.0, 0.0)
(2, [(55, 67), (54, 66)], 1.0, 0.0)
(3, [(55, 66), (57, 67), (54, 66)], 0.54, 0.55)
(2, [(57, 65), (60, 63)], 1.0, 0.0)
(5, [(57, 67), (61, 70), (61, 64), (49, 73), (62, 63)], 0.4, 0.63)
(4, [(57, 67), (61, 70), (61, 64), (49, 73)], 0.47, 0.52)
(6, [(54, 66), (58, 68), (51, 64), (57, 64), (50, 70), (58, 63)], 0.55, 0.47)
(6, [(54, 66), (57, 67), (52, 65), (55, 64), (51, 69), (57, 64)], 0.5, 0.43)
(6, [(53, 65), (56, 66), (52, 65), (54, 64), (51, 67), (55, 63)], 0.51, 0.48)
(2, [(56, 66), (51, 67)], 1.0, 0.0)
(2, [(56, 66), (52, 64)], 1.0, 0.0)
(3, [(57, 66), (60, 69), (59, 65)], 0.78, 0.38)
(3, [(57, 66), (50, 72), (61, 64)], 0.51, 0.54)
(4, [(58, 66), (51, 71), (52, 62), (62, 63)], 0.64, 0.37)
(3, [(59, 67), (52, 62), (62, 64)], 0.71, 0.46)
(4, [(59, 67), (51, 71), (52, 63), (62, 65)], 0.74, 0.39)
(3, [(57, 66), (51, 70), (59, 65)], 0.57, 0.59)
(3, [(56, 65), (50, 69), (58, 64)], 0.57, 0.59)
(2, [(55, 65), (57, 64)], 1.0, 0.0)
(3, [(54, 64), (51, 67), (55, 64)], 0.63, 0.61)
(2, [(51, 68), (49, 72)], 1.0, 0.0)
(3, [(52, 67), (51, 65), (52, 64)], 0.69, 0.43)
(3, [(55, 66), (52, 64), (50, 71)], 0.77, 0.41)
(2, [(54, 66), (53, 65)], 1.0, 0.0)
(6, [(54, 65), (57, 67), (54, 66), (56, 66), (52, 69), (57, 65)], 0.51, 0.59)
(6, [(54, 65), (57, 67), (54, 65), (56, 66), (52, 69), (57, 65)], 0.53, 0.65)
(5, [(54, 65), (54, 65), (57, 66), (52, 69), (57, 65)], 0.54, 0.73)
(3, [(53, 65), (54, 66), (55, 66)], 0.56, 0.45)
(4, [(53, 65), (54, 65), (54, 65), (52, 68)], 0.49, 0.71)
(2, [(56, 66), (54, 64)], 1.0, 0.0)
(2, [(56, 66), (58, 65)], 1.0, 0.0)
(3, [(58, 66), (61, 69), (61, 64)], 0.86, 0.23)
(3, [(58, 66), (61, 68), (61, 64)], 0.95, 0.07)
(3, [(58, 66), (59, 68), (59, 65)], 0.69, 0.43)
(3, [(58, 66), (58, 68), (58, 65)], 0.49, 0.54)
(2, [(56, 66), (60, 68)], 1.0, 0.0)
(2, [(57, 67), (60, 68)], 1.0, 0.0)
(3, [(57, 67), (59, 68), (50, 73)], 0.66, 0.59)
(3, [(58, 67), (57, 63), (58, 62)], 0.64, 0.56)
(3, [(57, 67), (55, 63), (50, 68)], 0.83, 0.31)
(4, [(55, 66), (59, 68), (58, 64), (59, 63)], 0.72, 0.38)
(3, [(55, 66), (58, 68), (52, 65)], 0.39, 0.44)
(5, [(55, 66), (58, 68), (57, 65), (51, 70), (58, 64)], 0.45, 0.6)
(4, [(56, 65), (58, 68), (57, 65), (51, 70)], 0.58, 0.6)
(8, [(56, 66), (60, 69), (52, 69), (51, 65), (52, 64), (59, 65), (50, 73), (60, 64)], 0.62, 0.56)
(8, [(56, 66), (59, 69), (52, 69), (51, 65), (52, 64), (58, 65), (50, 73), (59, 64)], 0.63, 0.56)
(8, [(57, 65), (59, 69), (51, 70), (51, 65), (52, 64), (58, 65), (50, 73), (59, 64)], 0.72, 0.64)
(8, [(57, 65), (59, 69), (50, 71), (51, 65), (52, 64), (58, 65), (50, 73), (59, 64)], 0.73, 0.69)
(5, [(57, 65), (51, 69), (53, 64), (57, 65), (50, 70)], 0.8, 0.76)
(2, [(52, 68), (51, 69)], 1.0, 0.0)
(3, [(56, 65), (53, 65), (56, 65)], 0.65, 0.71)
(4, [(57, 67), (54, 68), (57, 66), (53, 68)], 0.82, 0.7)
(3, [(55, 66), (54, 68), (56, 66)], 0.65, 0.51)
(3, [(55, 66), (54, 68), (55, 66)], 0.65, 0.71)
(6, [(57, 65), (60, 68), (52, 62), (59, 64), (50, 71), (60, 63)], 0.48, 0.52)
(6, [(56, 64), (59, 67), (52, 62), (58, 63), (50, 70), (59, 62)], 0.48, 0.53)
(3, [(58, 66), (57, 63), (58, 62)], 0.65, 0.51)
(4, [(54, 63), (58, 66), (50, 68), (58, 62)], 0.62, 0.45)
(2, [(54, 63), (58, 66)], 1.0, 0.0)
(3, [(58, 66), (61, 64), (61, 63)], 0.64, 0.59)
(3, [(57, 66), (58, 65), (58, 65)], 0.65, 0.71)
(5, [(58, 65), (61, 67), (60, 65), (52, 71), (61, 64)], 0.36, 0.66)
(3, [(57, 66), (58, 66), (58, 65)], 0.8, 0.23)
(3, [(58, 67), (60, 70), (61, 64)], 0.73, 0.33)
(3, [(56, 67), (60, 68), (60, 65)], 0.85, 0.28)
(3, [(56, 67), (58, 68), (59, 64)], 0.78, 0.38)
(3, [(54, 64), (51, 63), (49, 69)], 0.74, 0.44)
(3, [(58, 67), (57, 63), (49, 69)], 0.73, 0.46)
(3, [(56, 67), (60, 65), (61, 64)], 0.58, 0.59)
(3, [(58, 68), (50, 73), (60, 63)], 0.54, 0.5)
(3, [(58, 67), (50, 71), (60, 63)], 0.56, 0.52)
(2, [(58, 67), (51, 70)], 1.0, 0.0)
(3, [(56, 67), (60, 69), (61, 64)], 0.89, 0.19)
(2, [(56, 67), (50, 73)], 1.0, 0.0)
(8, [(58, 65), (61, 67), (53, 67), (53, 63), (54, 62), (61, 64), (51, 71), (62, 63)], 0.62, 0.59)
(4, [(58, 65), (61, 67), (60, 65), (61, 64)], 0.51, 0.38)
(2, [(53, 63), (54, 62)], 1.0, 0.0)
(2, [(54, 64), (55, 63)], 1.0, 0.0)
(4, [(57, 65), (60, 66), (59, 65), (59, 64)], 0.49, 0.45)
(4, [(57, 65), (51, 67), (59, 65), (59, 64)], 0.36, 0.68)
(4, [(58, 66), (51, 67), (59, 66), (60, 66)], 0.38, 0.71)
(2, [(57, 68), (59, 65)], 1.0, 0.0)
(2, [(56, 67), (57, 65)], 1.0, 0.0)
(8, [(57, 66), (60, 67), (54, 67), (53, 64), (53, 64), (59, 65), (52, 70), (60, 64)], 0.62, 0.6)
(5, [(56, 66), (54, 67), (53, 64), (53, 64), (52, 70)], 0.57, 0.67)
(3, [(53, 66), (54, 65), (54, 64)], 0.56, 0.45)
(8, [(54, 66), (57, 66), (53, 66), (54, 65), (54, 64), (57, 65), (53, 68), (58, 64)], 0.63, 0.54)
(3, [(58, 65), (57, 65), (58, 64)], 0.8, 0.23)
(7, [(54, 65), (58, 65), (54, 65), (55, 64), (55, 64), (57, 65), (54, 67)], 0.62, 0.76)
(6, [(54, 65), (56, 64), (54, 65), (55, 63), (56, 64), (53, 66)], 0.65, 0.79)
(6, [(54, 65), (56, 64), (54, 65), (55, 63), (55, 63), (53, 66)], 0.65, 0.79)
(6, [(54, 65), (55, 64), (54, 65), (55, 63), (55, 63), (53, 66)], 0.57, 0.81)
(4, [(54, 65), (55, 65), (55, 63), (56, 63)], 0.83, 0.5)
(3, [(55, 65), (56, 64), (56, 64)], 0.65, 0.71)
(3, [(55, 65), (55, 64), (56, 64)], 0.8, 0.23)
(3, [(55, 66), (55, 66), (56, 65)], 0.65, 0.71)
(3, [(55, 66), (55, 66), (56, 66)], 0.65, 0.71)
(3, [(55, 66), (55, 66), (56, 67)], 0.65, 0.71)
(2, [(60, 65), (61, 63)], 1.0, 0.0)
(2, [(58, 66), (60, 69)], 1.0, 0.0)
(3, [(58, 66), (60, 65), (61, 63)], 0.5, 0.4)
(6, [(58, 66), (60, 69), (52, 62), (60, 65), (50, 73), (61, 63)], 0.48, 0.51)
(3, [(57, 65), (59, 68), (58, 64)], 0.69, 0.51)
(4, [(54, 66), (53, 66), (53, 65), (54, 65)], 1.0, 0.0)
(3, [(54, 66), (53, 66), (53, 65)], 0.8, 0.23)
(3, [(54, 66), (54, 65), (55, 65)], 0.8, 0.23)
(5, [(54, 66), (55, 67), (54, 65), (55, 66), (56, 65)], 0.59, 0.36)
(3, [(53, 66), (53, 65), (53, 68)], 0.49, 0.54)
(7, [(54, 66), (55, 67), (54, 67), (54, 65), (55, 65), (53, 67), (56, 65)], 0.64, 0.38)
(2, [(54, 68), (53, 67)], 1.0, 0.0)
(3, [(56, 67), (55, 65), (56, 65)], 0.74, 0.44)
(8, [(58, 65), (61, 67), (53, 68), (52, 63), (53, 62), (61, 64), (51, 71), (62, 63)], 0.67, 0.6)
(2, [(57, 65), (54, 63)], 1.0, 0.0)
(6, [(57, 65), (60, 66), (54, 63), (59, 65), (52, 70), (60, 64)], 0.42, 0.58)
(5, [(57, 65), (60, 66), (54, 63), (59, 65), (60, 65)], 0.43, 0.67)
(3, [(56, 64), (58, 64), (59, 65)], 0.56, 0.45)
(3, [(55, 64), (57, 64), (59, 66)], 0.56, 0.45)
(3, [(55, 64), (56, 63), (59, 66)], 0.7, 0.53)
(2, [(56, 63), (59, 66)], 1.0, 0.0)
(6, [(57, 67), (61, 69), (51, 64), (61, 64), (50, 73), (62, 63)], 0.49, 0.51)
(5, [(58, 66), (61, 67), (61, 64), (51, 71), (62, 63)], 0.3, 0.67)
(3, [(58, 66), (60, 65), (60, 64)], 0.65, 0.51)
(2, [(58, 67), (57, 63)], 1.0, 0.0)
(4, [(57, 65), (60, 67), (59, 64), (60, 63)], 0.65, 0.41)
(6, [(57, 65), (60, 67), (53, 62), (59, 64), (51, 71), (60, 63)], 0.43, 0.55)
(4, [(60, 67), (59, 64), (51, 71), (60, 64)], 0.49, 0.67)
(2, [(57, 63), (50, 68)], 1.0, 0.0)
(3, [(58, 66), (59, 66), (59, 65)], 0.8, 0.23)
(2, [(59, 66), (59, 65)], 1.0, 0.0)
(3, [(58, 66), (58, 66), (59, 65)], 0.65, 0.71)
(2, [(55, 66), (58, 68)], 1.0, 0.0)
(2, [(55, 65), (58, 64)], 1.0, 0.0)
(3, [(54, 65), (56, 66), (51, 68)], 0.68, 0.47)
(2, [(56, 66), (51, 68)], 1.0, 0.0)
(2, [(56, 65), (51, 67)], 1.0, 0.0)
(4, [(54, 66), (58, 68), (57, 64), (50, 70)], 0.56, 0.47)
(3, [(55, 66), (55, 67), (55, 66)], 0.65, 0.71)
(5, [(54, 66), (55, 67), (55, 65), (55, 66), (56, 66)], 0.5, 0.15)
(8, [(54, 66), (56, 67), (56, 67), (54, 65), (54, 66), (55, 66), (53, 67), (56, 65)], 0.57, 0.6)
(3, [(55, 65), (55, 66), (54, 65)], 0.8, 0.23)
(5, [(54, 66), (55, 65), (55, 66), (53, 66), (54, 65)], 0.66, 0.33)
(3, [(54, 66), (55, 66), (54, 65)], 0.8, 0.23)
(8, [(55, 66), (57, 67), (55, 66), (54, 66), (54, 65), (57, 66), (53, 69), (58, 65)], 0.42, 0.61)
(4, [(55, 66), (55, 66), (54, 66), (54, 65)], 0.77, 0.61)
(4, [(55, 65), (54, 66), (54, 66), (54, 65)], 0.77, 0.61)
(4, [(55, 64), (54, 66), (54, 66), (54, 65)], 0.53, 0.71)
(7, [(56, 64), (58, 66), (55, 65), (55, 65), (55, 64), (57, 65), (53, 68)], 0.39, 0.63)
(2, [(56, 63), (57, 65)], 1.0, 0.0)
(5, [(55, 64), (54, 65), (55, 65), (56, 65), (52, 66)], 0.38, 0.59)
(4, [(55, 64), (54, 65), (55, 65), (56, 65)], 0.58, 0.31)
(3, [(55, 64), (54, 65), (55, 65)], 0.8, 0.23)
(3, [(56, 65), (54, 64), (55, 64)], 0.56, 0.45)
(8, [(56, 65), (58, 66), (54, 66), (55, 65), (56, 64), (57, 65), (53, 68), (58, 65)], 0.48, 0.59)
(4, [(56, 66), (56, 65), (57, 66), (57, 65)], 1.0, 0.0)
(3, [(55, 66), (55, 65), (55, 66)], 0.65, 0.71)
(2, [(54, 66), (55, 66)], 1.0, 0.0)
(3, [(53, 66), (54, 65), (55, 65)], 0.56, 0.45)
(1, [(50, 65)], 0.0, 1.0)
(3, [(51, 65), (52, 63), (50, 68)], 0.41, 0.48)
(6, [(55, 65), (58, 65), (53, 64), (53, 63), (55, 63), (51, 67)], 0.47, 0.48)
(6, [(57, 65), (58, 65), (53, 63), (53, 62), (54, 63), (52, 67)], 0.67, 0.6)
(2, [(53, 63), (54, 63)], 1.0, 0.0)
(3, [(53, 63), (54, 63), (53, 64)], 0.8, 0.23)
(3, [(52, 64), (53, 64), (53, 65)], 0.8, 0.23)
(3, [(52, 65), (53, 64), (53, 65)], 0.8, 0.23)
(6, [(58, 65), (59, 67), (52, 64), (59, 65), (51, 72), (60, 64)], 0.5, 0.59)
(3, [(58, 65), (59, 65), (60, 64)], 0.56, 0.45)
(3, [(59, 66), (60, 66), (61, 66)], 0.29, 0.42)
(3, [(56, 65), (57, 65), (58, 65)], 0.29, 0.42)
(3, [(54, 66), (56, 65), (57, 65)], 0.54, 0.55)
(4, [(55, 66), (54, 67), (53, 65), (54, 65)], 0.81, 0.32)
(3, [(57, 67), (57, 66), (58, 65)], 0.56, 0.45)
(3, [(55, 66), (54, 66), (54, 66)], 0.65, 0.71)
(4, [(55, 66), (54, 65), (54, 66), (55, 65)], 1.0, 0.0)
(3, [(57, 67), (57, 65), (58, 65)], 0.74, 0.44)
(3, [(55, 65), (54, 65), (55, 65)], 0.65, 0.71)
(3, [(56, 66), (56, 65), (56, 65)], 0.65, 0.71)
(2, [(57, 66), (56, 64)], 1.0, 0.0)
(3, [(56, 64), (55, 64), (56, 64)], 0.65, 0.71)
(5, [(55, 64), (56, 65), (55, 64), (56, 64), (54, 66)], 0.55, 0.61)
(4, [(51, 71), (51, 65), (52, 64), (50, 73)], 0.78, 0.73)
(4, [(57, 65), (60, 69), (59, 65), (60, 64)], 0.55, 0.53)
(7, [(58, 66), (60, 69), (50, 70), (52, 64), (60, 66), (50, 71), (61, 65)], 0.73, 0.62)
(6, [(59, 67), (51, 70), (53, 64), (61, 67), (51, 71), (61, 66)], 0.8, 0.66)
(1, [(62, 67)], 0.0, 1.0)
(6, [(58, 68), (54, 70), (55, 66), (59, 68), (54, 71), (60, 67)], 0.72, 0.6)
(5, [(59, 68), (55, 70), (56, 67), (60, 68), (55, 71)], 0.83, 0.61)
(4, [(58, 68), (55, 69), (58, 67), (54, 70)], 0.75, 0.68)
(4, [(56, 67), (54, 68), (57, 67), (54, 69)], 0.77, 0.63)
(2, [(56, 67), (56, 66)], 1.0, 0.0)
(2, [(54, 68), (54, 69)], 1.0, 0.0)
(4, [(56, 67), (54, 68), (56, 66), (54, 69)], 0.77, 0.61)
(2, [(54, 65), (52, 64)], 1.0, 0.0)
(6, [(54, 65), (58, 68), (52, 64), (57, 64), (50, 70), (58, 63)], 0.55, 0.54)
(3, [(61, 67), (61, 64), (62, 63)], 0.59, 0.52)
(3, [(60, 67), (59, 64), (60, 64)], 0.7, 0.53)
(2, [(59, 65), (59, 65)], 1.0, 1.0)
(1, [(50, 64)], 0.0, 1.0)
(6, [(55, 66), (59, 68), (51, 65), (58, 64), (50, 71), (59, 64)], 0.52, 0.53)
(6, [(56, 65), (59, 68), (51, 65), (58, 64), (50, 71), (59, 64)], 0.56, 0.56)
(2, [(54, 65), (51, 65)], 1.0, 0.0)
(3, [(54, 65), (57, 64), (58, 63)], 0.54, 0.55)
(2, [(51, 65), (50, 70)], 1.0, 0.0)
(5, [(54, 65), (51, 65), (57, 64), (50, 70), (58, 63)], 0.46, 0.61)
(3, [(54, 65), (57, 64), (50, 70)], 0.55, 0.53)
(8, [(57, 65), (60, 68), (52, 67), (52, 64), (53, 64), (59, 65), (51, 71), (60, 64)], 0.67, 0.58)
(3, [(52, 66), (52, 64), (53, 64)], 0.74, 0.44)
(4, [(56, 65), (53, 65), (53, 65), (54, 64)], 0.6, 0.68)
(3, [(55, 65), (54, 65), (55, 64)], 0.8, 0.23)
(4, [(54, 65), (53, 66), (54, 65), (54, 65)], 0.42, 0.76)
(3, [(54, 65), (54, 65), (54, 64)], 0.65, 0.71)
(2, [(53, 65), (54, 66)], 1.0, 0.0)
(4, [(55, 66), (57, 67), (54, 66), (55, 65)], 0.45, 0.54)
(3, [(57, 65), (57, 65), (57, 65)], 1.0, 1.0)
(6, [(56, 65), (57, 65), (56, 64), (57, 65), (54, 67), (57, 65)], 0.28, 0.72)
(5, [(56, 65), (57, 65), (56, 64), (57, 65), (57, 65)], 0.64, 0.66)
(3, [(56, 65), (57, 65), (57, 65)], 0.65, 0.71)
(4, [(55, 66), (59, 69), (58, 66), (59, 64)], 0.51, 0.38)
(3, [(55, 66), (58, 66), (59, 64)], 0.65, 0.41)
(6, [(56, 65), (59, 69), (52, 65), (58, 65), (51, 72), (59, 64)], 0.57, 0.54)
(3, [(56, 67), (52, 64), (50, 73)], 0.79, 0.37)
(2, [(55, 63), (58, 65)], 1.0, 0.0)
(3, [(54, 66), (58, 68), (53, 66)], 0.61, 0.62)
(5, [(58, 67), (60, 68), (59, 66), (50, 71), (60, 65)], 0.26, 0.68)
(5, [(58, 67), (59, 68), (58, 66), (50, 71), (59, 65)], 0.29, 0.7)
(3, [(58, 66), (51, 69), (59, 65)], 0.62, 0.64)
(2, [(51, 68), (59, 65)], 1.0, 0.0)
(4, [(56, 67), (59, 69), (58, 66), (59, 65)], 0.65, 0.41)
(6, [(56, 67), (59, 69), (53, 64), (58, 65), (51, 72), (59, 65)], 0.42, 0.53)
(3, [(57, 66), (53, 64), (58, 65)], 0.67, 0.56)
(2, [(56, 64), (59, 66)], 1.0, 0.0)
(6, [(55, 66), (59, 69), (53, 64), (58, 65), (51, 72), (59, 65)], 0.53, 0.56)
(6, [(56, 67), (59, 69), (53, 65), (58, 66), (51, 72), (59, 65)], 0.44, 0.54)
(4, [(56, 67), (53, 65), (58, 66), (59, 65)], 0.6, 0.57)
(2, [(57, 68), (59, 67)], 1.0, 0.0)
(1, [(53, 72)], 0.0, 1.0)
(2, [(58, 69), (60, 67)], 1.0, 0.0)
(4, [(57, 66), (60, 68), (53, 63), (59, 65)], 0.39, 0.55)
(6, [(55, 66), (59, 67), (54, 64), (58, 65), (52, 71), (59, 65)], 0.51, 0.62)
(3, [(59, 67), (58, 65), (59, 65)], 0.74, 0.44)
(4, [(55, 64), (59, 66), (55, 63), (58, 65)], 0.75, 0.68)
(5, [(54, 66), (58, 68), (53, 66), (56, 66), (52, 70)], 0.61, 0.51)
(3, [(54, 66), (53, 66), (56, 65)], 0.54, 0.55)
(6, [(54, 66), (56, 68), (54, 67), (56, 67), (53, 70), (57, 66)], 0.53, 0.57)
(3, [(57, 67), (54, 66), (53, 70)], 0.81, 0.3)
(4, [(56, 65), (53, 64), (58, 65), (51, 72)], 0.57, 0.58)
(4, [(56, 67), (60, 69), (60, 65), (61, 64)], 0.73, 0.4)
(4, [(56, 67), (60, 65), (50, 73), (61, 64)], 0.39, 0.69)
(4, [(56, 67), (60, 67), (50, 73), (61, 65)], 0.43, 0.64)
(2, [(51, 72), (60, 66)], 1.0, 0.0)
(2, [(52, 71), (59, 66)], 1.0, 0.0)
(2, [(56, 67), (53, 65)], 1.0, 0.0)
(3, [(56, 67), (58, 68), (57, 66)], 0.83, 0.31)
(3, [(55, 66), (55, 67), (56, 67)], 0.8, 0.23)
(5, [(56, 67), (59, 69), (52, 65), (58, 65), (51, 72)], 0.57, 0.42)
(5, [(54, 66), (59, 69), (53, 64), (58, 66), (51, 72)], 0.63, 0.51)
(3, [(53, 65), (53, 64), (58, 65)], 0.67, 0.6)
(3, [(54, 65), (58, 68), (54, 66)], 0.65, 0.6)
(4, [(57, 65), (60, 67), (59, 65), (61, 64)], 0.54, 0.34)
(3, [(60, 67), (59, 65), (61, 64)], 0.8, 0.23)
(3, [(60, 67), (59, 65), (59, 64)], 0.54, 0.55)
(5, [(55, 67), (58, 68), (53, 66), (56, 66), (52, 71)], 0.5, 0.5)
(2, [(53, 66), (55, 65)], 1.0, 0.0)
(6, [(56, 66), (59, 67), (54, 64), (58, 65), (52, 70), (59, 64)], 0.43, 0.55)
(5, [(55, 66), (58, 67), (55, 65), (57, 66), (53, 69)], 0.54, 0.59)
(4, [(54, 66), (58, 67), (55, 65), (57, 66)], 0.71, 0.55)
(3, [(57, 67), (61, 70), (50, 73)], 0.71, 0.45)
(3, [(57, 67), (56, 64), (57, 63)], 0.65, 0.51)
(3, [(56, 66), (54, 65), (52, 68)], 0.74, 0.4)
(3, [(56, 66), (58, 67), (57, 66)], 0.56, 0.45)
(3, [(56, 66), (56, 66), (54, 68)], 0.65, 0.71)
(2, [(56, 66), (54, 68)], 1.0, 0.0)
(3, [(54, 66), (58, 68), (53, 64)], 0.56, 0.52)
(3, [(56, 67), (60, 65), (50, 73)], 0.5, 0.53)
(2, [(55, 65), (51, 72)], 1.0, 0.0)
(3, [(57, 67), (58, 69), (58, 64)], 0.56, 0.45)
(1, [(56, 68)], 0.0, 1.0)
(2, [(56, 68), (51, 69)], 1.0, 0.0)
(2, [(56, 68), (52, 68)], 1.0, 0.0)
(4, [(58, 67), (61, 64), (49, 73), (62, 63)], 0.33, 0.7)
(3, [(56, 66), (59, 65), (61, 64)], 0.41, 0.48)
(4, [(55, 66), (58, 65), (51, 71), (59, 64)], 0.42, 0.67)
(5, [(56, 66), (58, 67), (55, 65), (57, 66), (53, 70)], 0.46, 0.61)
(3, [(57, 65), (55, 65), (57, 65)], 0.65, 0.71)
(5, [(56, 67), (59, 69), (53, 65), (58, 66), (51, 72)], 0.54, 0.49)
(3, [(57, 66), (53, 65), (58, 65)], 0.64, 0.56)
(3, [(56, 68), (59, 69), (51, 72)], 0.63, 0.5)
(2, [(56, 68), (58, 68)], 1.0, 0.0)
(3, [(56, 67), (57, 69), (52, 71)], 0.73, 0.47)
(2, [(52, 63), (52, 62)], 1.0, 0.0)
(6, [(58, 66), (61, 67), (53, 68), (61, 64), (51, 71), (62, 63)], 0.49, 0.66)
(2, [(53, 67), (52, 62)], 1.0, 0.0)
(5, [(59, 67), (54, 67), (53, 63), (61, 66), (62, 64)], 0.7, 0.53)
(3, [(59, 67), (61, 67), (62, 66)], 0.56, 0.45)
(2, [(53, 66), (53, 63)], 1.0, 0.0)
(5, [(58, 67), (52, 65), (53, 63), (60, 66), (61, 65)], 0.75, 0.66)
(4, [(57, 68), (52, 65), (59, 66), (60, 65)], 0.59, 0.6)
(2, [(55, 67), (52, 66)], 1.0, 0.0)
(4, [(54, 66), (52, 66), (55, 65), (56, 65)], 0.5, 0.58)
(4, [(53, 66), (52, 66), (54, 65), (54, 64)], 0.7, 0.51)
(4, [(52, 65), (52, 66), (53, 64), (53, 64)], 0.7, 0.74)
(3, [(52, 65), (53, 64), (53, 64)], 0.65, 0.71)
(4, [(58, 66), (61, 69), (50, 73), (62, 63)], 0.45, 0.54)
(4, [(55, 66), (59, 69), (58, 64), (59, 63)], 0.71, 0.46)
(6, [(53, 67), (58, 68), (53, 64), (57, 65), (51, 70), (58, 64)], 0.68, 0.52)
(6, [(52, 66), (58, 68), (53, 64), (57, 65), (51, 70), (58, 64)], 0.72, 0.55)
(5, [(52, 66), (58, 68), (53, 64), (57, 65), (51, 70)], 0.75, 0.46)
(2, [(52, 66), (57, 65)], 1.0, 0.0)
(3, [(56, 67), (58, 66), (50, 73)], 0.59, 0.61)
(2, [(58, 65), (50, 72)], 1.0, 0.0)
(2, [(57, 65), (59, 66)], 1.0, 0.0)
(4, [(54, 66), (53, 64), (57, 65), (58, 64)], 0.79, 0.51)
(5, [(54, 66), (58, 68), (53, 64), (51, 70), (58, 64)], 0.57, 0.43)
(4, [(54, 66), (58, 68), (53, 64), (51, 70)], 0.58, 0.42)
(3, [(56, 64), (58, 66), (51, 72)], 0.7, 0.53)
(3, [(56, 64), (58, 65), (51, 70)], 0.67, 0.56)
(2, [(55, 64), (52, 68)], 1.0, 0.0)
(5, [(57, 65), (60, 69), (59, 65), (50, 73), (61, 64)], 0.41, 0.62)
(3, [(56, 64), (60, 66), (50, 71)], 0.7, 0.48)
(3, [(56, 64), (60, 67), (50, 70)], 0.73, 0.42)
(2, [(56, 64), (50, 69)], 1.0, 0.0)
(2, [(56, 64), (50, 68)], 1.0, 0.0)
(3, [(55, 66), (59, 65), (50, 71)], 0.52, 0.5)
(3, [(56, 64), (58, 66), (51, 70)], 0.71, 0.5)
(3, [(56, 64), (58, 65), (51, 69)], 0.67, 0.56)
(2, [(56, 64), (51, 68)], 1.0, 0.0)
(3, [(57, 67), (53, 64), (51, 69)], 0.89, 0.16)
(4, [(53, 65), (58, 68), (53, 64), (57, 65)], 0.74, 0.6)
(2, [(52, 65), (56, 64)], 1.0, 0.0)
(2, [(57, 66), (60, 66)], 1.0, 0.0)
(2, [(57, 65), (52, 69)], 1.0, 0.0)
(2, [(57, 65), (52, 68)], 1.0, 0.0)
(7, [(55, 66), (59, 69), (53, 67), (52, 65), (58, 65), (51, 72), (59, 64)], 0.54, 0.53)
(7, [(56, 65), (59, 69), (52, 66), (52, 65), (58, 65), (51, 72), (59, 64)], 0.62, 0.59)
(7, [(56, 64), (59, 67), (53, 65), (53, 65), (58, 65), (52, 70), (59, 64)], 0.64, 0.64)
(3, [(55, 64), (54, 65), (54, 65)], 0.65, 0.71)
(3, [(55, 64), (53, 64), (57, 65)], 0.45, 0.43)
(2, [(55, 64), (57, 67)], 1.0, 0.0)
(4, [(56, 67), (58, 68), (57, 66), (58, 65)], 0.65, 0.32)
(3, [(56, 67), (57, 66), (58, 65)], 0.29, 0.42)
(4, [(56, 67), (58, 68), (54, 65), (52, 71)], 0.61, 0.48)
(2, [(57, 68), (54, 65)], 1.0, 0.0)
(4, [(57, 65), (60, 69), (59, 65), (50, 73)], 0.56, 0.6)
(3, [(56, 64), (58, 65), (50, 68)], 0.65, 0.57)
(2, [(56, 64), (50, 67)], 1.0, 0.0)
(4, [(54, 65), (58, 68), (57, 65), (51, 70)], 0.69, 0.47)
(4, [(56, 67), (54, 66), (57, 66), (58, 65)], 0.58, 0.49)
(3, [(56, 67), (54, 66), (57, 66)], 0.69, 0.43)
(2, [(55, 67), (55, 67)], 1.0, 1.0)
(3, [(57, 68), (56, 67), (57, 66)], 0.8, 0.23)
(4, [(54, 67), (57, 67), (55, 66), (53, 70)], 0.58, 0.52)
(6, [(55, 67), (58, 68), (54, 66), (57, 66), (52, 71), (58, 65)], 0.44, 0.59)
(3, [(55, 66), (58, 67), (54, 65)], 0.54, 0.55)
(4, [(58, 66), (60, 65), (50, 73), (61, 64)], 0.37, 0.71)
(4, [(57, 65), (59, 64), (50, 72), (59, 64)], 0.39, 0.75)
(2, [(58, 64), (58, 63)], 1.0, 0.0)
(3, [(58, 64), (50, 72), (58, 63)], 0.64, 0.67)
(6, [(58, 66), (61, 69), (52, 62), (60, 65), (50, 73), (61, 63)], 0.48, 0.51)
(3, [(57, 66), (59, 65), (60, 65)], 0.54, 0.55)
(3, [(56, 65), (57, 64), (57, 64)], 0.65, 0.71)
(2, [(52, 70), (51, 72)], 1.0, 0.0)
(5, [(56, 64), (52, 69), (53, 66), (57, 66), (52, 70)], 0.72, 0.55)
(2, [(51, 67), (51, 68)], 1.0, 0.0)
(2, [(51, 67), (50, 67)], 1.0, 0.0)
(3, [(53, 65), (52, 66), (51, 66)], 0.56, 0.45)
(3, [(54, 66), (53, 66), (53, 67)], 0.8, 0.23)
(2, [(55, 67), (54, 67)], 1.0, 0.0)
(3, [(55, 66), (55, 67), (54, 68)], 0.56, 0.45)
(2, [(55, 66), (55, 67)], 1.0, 0.0)
(5, [(57, 67), (61, 70), (51, 63), (60, 65), (62, 63)], 0.48, 0.52)
(3, [(59, 70), (58, 66), (59, 65)], 0.64, 0.56)
(1, [(58, 70)], 0.0, 1.0)
(3, [(57, 67), (58, 69), (50, 73)], 0.68, 0.57)
(3, [(57, 67), (57, 68), (50, 71)], 0.65, 0.65)
(3, [(57, 66), (57, 67), (51, 70)], 0.65, 0.64)
(3, [(57, 66), (57, 67), (51, 69)], 0.65, 0.63)
(3, [(57, 66), (57, 67), (51, 68)], 0.66, 0.62)
(2, [(57, 66), (57, 67)], 1.0, 0.0)
(2, [(61, 70), (61, 64)], 1.0, 0.0)
(5, [(57, 67), (60, 70), (51, 63), (61, 64), (50, 73)], 0.58, 0.37)
(2, [(59, 69), (59, 65)], 1.0, 0.0)
(5, [(58, 65), (61, 68), (60, 65), (50, 72), (61, 64)], 0.36, 0.67)
(3, [(58, 65), (60, 65), (59, 65)], 0.29, 0.42)
(2, [(60, 65), (59, 65)], 1.0, 0.0)
(2, [(57, 67), (59, 69)], 1.0, 0.0)
(3, [(56, 66), (58, 68), (50, 71)], 0.7, 0.52)
(2, [(56, 68), (51, 70)], 1.0, 0.0)
(4, [(57, 67), (60, 70), (61, 64), (50, 73)], 0.46, 0.52)
(3, [(57, 68), (57, 65), (50, 71)], 0.66, 0.53)
(3, [(56, 67), (56, 64), (50, 70)], 0.65, 0.51)
(2, [(55, 66), (50, 68)], 1.0, 0.0)
(2, [(55, 66), (56, 65)], 1.0, 0.0)
(3, [(61, 70), (61, 64), (49, 74)], 0.68, 0.49)
(3, [(61, 69), (61, 64), (50, 73)], 0.67, 0.51)
(2, [(60, 69), (59, 65)], 1.0, 0.0)
(2, [(58, 68), (58, 65)], 1.0, 0.0)
(6, [(58, 66), (60, 69), (51, 64), (59, 65), (50, 73), (61, 64)], 0.53, 0.53)
(5, [(58, 65), (60, 69), (59, 65), (50, 73), (61, 64)], 0.39, 0.66)
(3, [(58, 65), (60, 66), (50, 73)], 0.66, 0.61)
(3, [(59, 66), (60, 67), (50, 71)], 0.65, 0.64)
(3, [(59, 67), (60, 67), (50, 70)], 0.64, 0.67)
(3, [(59, 67), (59, 66), (50, 68)], 0.65, 0.65)
(2, [(59, 67), (59, 66)], 1.0, 0.0)
(2, [(61, 66), (62, 64)], 1.0, 0.0)
(1, [(51, 74)], 0.0, 1.0)
(3, [(61, 66), (51, 73), (62, 65)], 0.63, 0.66)
(2, [(57, 67), (61, 64)], 1.0, 0.0)
(2, [(58, 67), (62, 63)], 1.0, 0.0)
(2, [(58, 67), (62, 64)], 1.0, 0.0)
(4, [(57, 67), (51, 63), (61, 64), (49, 74)], 0.6, 0.45)
(2, [(61, 64), (50, 73)], 1.0, 0.0)
(2, [(61, 66), (50, 73)], 1.0, 0.0)
(2, [(58, 68), (58, 64)], 1.0, 0.0)
(2, [(56, 66), (60, 70)], 1.0, 0.0)
(2, [(59, 67), (50, 71)], 1.0, 0.0)
(4, [(57, 67), (61, 70), (60, 65), (62, 63)], 0.65, 0.35)
(3, [(56, 66), (58, 64), (59, 63)], 0.49, 0.54)
(3, [(57, 68), (50, 71), (58, 63)], 0.61, 0.45)
(2, [(56, 67), (51, 68)], 1.0, 0.0)
(2, [(61, 69), (61, 64)], 1.0, 0.0)
(8, [(57, 65), (60, 68), (52, 67), (51, 64), (52, 62), (59, 64), (50, 71), (60, 63)], 0.67, 0.54)
(6, [(57, 65), (60, 67), (52, 62), (59, 64), (51, 70), (60, 63)], 0.47, 0.5)
(5, [(57, 65), (60, 67), (52, 62), (59, 64), (60, 64)], 0.36, 0.64)
(2, [(60, 67), (60, 65)], 1.0, 0.0)
(3, [(58, 66), (59, 66), (61, 67)], 0.54, 0.55)
(3, [(59, 67), (60, 67), (61, 67)], 0.29, 0.42)
(3, [(58, 67), (60, 67), (60, 67)], 0.65, 0.71)
(2, [(59, 68), (60, 67)], 1.0, 0.0)
(2, [(59, 69), (50, 73)], 1.0, 0.0)
(2, [(58, 69), (50, 73)], 1.0, 0.0)
(2, [(58, 68), (50, 71)], 1.0, 0.0)
(2, [(58, 67), (50, 70)], 1.0, 0.0)
(2, [(58, 67), (60, 69)], 1.0, 0.0)
(2, [(58, 67), (60, 68)], 1.0, 0.0)
(3, [(56, 66), (60, 68), (50, 73)], 0.7, 0.48)
(4, [(55, 65), (59, 69), (58, 64), (59, 63)], 0.64, 0.5)
(2, [(58, 68), (58, 63)], 1.0, 0.0)
(5, [(56, 66), (60, 69), (59, 65), (50, 72), (61, 64)], 0.44, 0.6)
(2, [(56, 66), (61, 64)], 1.0, 0.0)
(6, [(57, 65), (60, 69), (51, 65), (59, 65), (50, 73), (60, 64)], 0.57, 0.56)
(3, [(56, 65), (58, 64), (59, 64)], 0.54, 0.55)
(3, [(55, 64), (59, 65), (60, 65)], 0.6, 0.62)
(3, [(54, 66), (58, 66), (59, 66)], 0.59, 0.62)
(2, [(53, 67), (57, 67)], 1.0, 0.0)
(2, [(55, 66), (57, 64)], 1.0, 0.0)
(3, [(56, 65), (60, 66), (50, 70)], 0.62, 0.5)
(3, [(57, 66), (60, 66), (51, 70)], 0.57, 0.55)
(2, [(57, 66), (52, 69)], 1.0, 0.0)
(2, [(55, 66), (60, 66)], 1.0, 0.0)
(5, [(57, 67), (60, 69), (59, 65), (50, 73), (60, 64)], 0.33, 0.65)
(2, [(51, 63), (49, 74)], 1.0, 0.0)
(4, [(57, 68), (56, 65), (51, 72), (58, 66)], 0.49, 0.6)
(3, [(56, 68), (51, 70), (57, 65)], 0.59, 0.48)
(3, [(55, 67), (51, 69), (56, 65)], 0.56, 0.52)
(2, [(55, 66), (51, 68)], 1.0, 0.0)
(3, [(57, 68), (56, 65), (57, 64)], 0.65, 0.51)
(5, [(54, 66), (58, 68), (57, 65), (51, 70), (58, 64)], 0.55, 0.58)
(3, [(54, 66), (57, 65), (51, 70)], 0.52, 0.49)
(2, [(54, 65), (56, 66)], 1.0, 0.0)
(2, [(56, 65), (60, 66)], 1.0, 0.0)
(5, [(61, 70), (51, 63), (60, 64), (49, 74), (62, 63)], 0.7, 0.5)
(3, [(58, 68), (56, 65), (58, 65)], 0.78, 0.36)
(2, [(58, 68), (58, 66)], 1.0, 0.0)
(6, [(56, 67), (60, 69), (51, 64), (59, 65), (50, 72), (61, 64)], 0.47, 0.46)
(5, [(56, 67), (60, 69), (59, 65), (51, 72), (60, 64)], 0.45, 0.61)
(4, [(54, 67), (52, 64), (53, 64), (51, 71)], 0.59, 0.62)
(4, [(53, 66), (52, 64), (53, 64), (51, 71)], 0.43, 0.66)
(7, [(56, 65), (59, 67), (53, 65), (54, 65), (54, 64), (58, 65), (52, 70)], 0.52, 0.55)
(6, [(56, 65), (59, 67), (53, 65), (54, 65), (54, 64), (58, 65)], 0.52, 0.6)
(4, [(55, 64), (53, 65), (54, 65), (59, 66)], 0.47, 0.64)
(3, [(55, 65), (52, 67), (54, 65)], 0.61, 0.56)
(3, [(54, 64), (54, 65), (57, 66)], 0.67, 0.56)
(4, [(53, 69), (52, 64), (53, 63), (51, 73)], 0.62, 0.65)
(4, [(59, 67), (61, 69), (61, 66), (62, 64)], 0.55, 0.4)
(6, [(60, 68), (55, 70), (53, 65), (54, 64), (53, 73), (62, 66)], 0.72, 0.58)
(3, [(55, 70), (54, 65), (54, 65)], 0.65, 0.71)
(2, [(60, 68), (62, 66)], 1.0, 0.0)
(4, [(60, 67), (55, 69), (54, 64), (62, 66)], 0.77, 0.42)
(4, [(58, 66), (54, 69), (55, 65), (60, 66)], 0.66, 0.46)
(3, [(56, 66), (52, 69), (58, 66)], 0.58, 0.55)
(3, [(56, 66), (52, 69), (56, 65)], 0.64, 0.62)
(3, [(54, 66), (53, 68), (55, 65)], 0.47, 0.5)
(2, [(53, 68), (55, 65)], 1.0, 0.0)
(2, [(55, 65), (59, 68)], 1.0, 0.0)
(6, [(54, 65), (58, 68), (51, 65), (57, 64), (50, 70), (58, 63)], 0.58, 0.52)
(4, [(54, 65), (51, 65), (57, 64), (50, 70)], 0.54, 0.5)
(3, [(52, 65), (57, 67), (56, 64)], 0.77, 0.33)
(8, [(55, 66), (59, 67), (53, 66), (52, 64), (53, 63), (58, 64), (51, 70), (59, 63)], 0.55, 0.54)
(7, [(55, 66), (59, 67), (53, 66), (53, 63), (58, 64), (51, 70), (59, 63)], 0.53, 0.54)
(7, [(56, 65), (59, 67), (52, 65), (53, 63), (58, 64), (51, 70), (59, 63)], 0.55, 0.55)
(3, [(56, 64), (59, 67), (58, 64)], 0.69, 0.43)
(2, [(52, 65), (53, 63)], 1.0, 0.0)
(2, [(51, 66), (52, 65)], 1.0, 0.0)
(3, [(55, 67), (51, 67), (56, 66)], 0.61, 0.56)
(2, [(57, 68), (57, 67)], 1.0, 0.0)
(4, [(53, 68), (52, 65), (53, 64), (51, 71)], 0.58, 0.6)
(4, [(57, 66), (60, 68), (59, 65), (60, 65)], 0.71, 0.43)
(7, [(55, 66), (59, 68), (54, 66), (53, 65), (54, 65), (58, 65), (59, 65)], 0.66, 0.61)
(5, [(54, 65), (53, 65), (53, 65), (54, 64), (51, 71)], 0.25, 0.74)
(5, [(54, 64), (53, 65), (54, 64), (58, 65), (51, 71)], 0.4, 0.66)
(4, [(54, 64), (53, 65), (54, 64), (58, 65)], 0.44, 0.7)
(3, [(54, 64), (53, 65), (53, 64)], 0.8, 0.23)
(3, [(54, 64), (53, 64), (57, 65)], 0.58, 0.59)
(3, [(54, 64), (52, 66), (53, 64)], 0.65, 0.51)
(6, [(57, 65), (60, 67), (52, 63), (59, 64), (51, 70), (60, 63)], 0.49, 0.52)
(3, [(59, 66), (58, 64), (59, 64)], 0.74, 0.44)
(8, [(55, 66), (59, 69), (52, 67), (51, 65), (52, 64), (58, 64), (50, 71), (59, 63)], 0.55, 0.49)
(8, [(54, 66), (58, 68), (53, 67), (52, 65), (53, 65), (57, 65), (51, 70), (58, 64)], 0.52, 0.54)
(4, [(54, 66), (53, 67), (52, 65), (53, 65)], 0.81, 0.32)
(8, [(54, 66), (57, 67), (53, 66), (53, 65), (54, 65), (55, 65), (52, 69), (57, 65)], 0.43, 0.48)
(5, [(54, 66), (53, 66), (53, 65), (54, 65), (52, 69)], 0.32, 0.6)
(3, [(57, 67), (55, 65), (57, 65)], 0.8, 0.23)
(7, [(54, 65), (55, 66), (53, 66), (54, 65), (55, 65), (52, 67), (55, 64)], 0.44, 0.62)
(7, [(54, 65), (56, 65), (53, 66), (54, 65), (55, 65), (52, 67), (55, 64)], 0.38, 0.65)
(4, [(54, 65), (54, 65), (55, 65), (55, 64)], 0.77, 0.61)
(2, [(53, 66), (52, 67)], 1.0, 0.0)
(6, [(54, 64), (56, 65), (53, 64), (54, 64), (55, 65), (53, 66)], 0.6, 0.55)
(4, [(54, 64), (54, 64), (55, 66), (53, 66)], 0.83, 0.5)
(3, [(54, 64), (54, 65), (55, 67)], 0.54, 0.55)
(2, [(56, 65), (55, 66)], 1.0, 0.0)
(2, [(56, 66), (50, 69)], 1.0, 0.0)
(3, [(58, 65), (50, 73), (61, 65)], 0.62, 0.6)
(3, [(57, 65), (60, 66), (50, 70)], 0.63, 0.55)
(3, [(57, 65), (60, 66), (51, 69)], 0.62, 0.53)
(2, [(57, 65), (51, 68)], 1.0, 0.0)
(4, [(53, 65), (57, 67), (56, 64), (51, 69)], 0.7, 0.42)
(2, [(53, 64), (56, 64)], 1.0, 0.0)
(3, [(57, 66), (59, 65), (50, 73)], 0.61, 0.62)
(3, [(58, 67), (60, 66), (52, 73)], 0.59, 0.61)
(3, [(59, 68), (60, 67), (53, 73)], 0.62, 0.64)
(3, [(59, 68), (60, 67), (54, 72)], 0.6, 0.62)
(2, [(58, 67), (59, 66)], 1.0, 0.0)
(1, [(54, 71)], 0.0, 1.0)
(3, [(58, 67), (59, 66), (54, 70)], 0.58, 0.6)
(3, [(58, 67), (59, 66), (54, 68)], 0.58, 0.58)
(4, [(57, 67), (51, 63), (49, 74), (62, 63)], 0.57, 0.41)
(2, [(50, 73), (62, 64)], 1.0, 0.0)
(2, [(57, 66), (51, 70)], 1.0, 0.0)
(2, [(57, 66), (51, 69)], 1.0, 0.0)
(2, [(60, 69), (59, 64)], 1.0, 0.0)
(2, [(59, 69), (58, 64)], 1.0, 0.0)
(2, [(60, 70), (61, 64)], 1.0, 0.0)
(2, [(57, 69), (59, 66)], 1.0, 0.0)
(6, [(57, 67), (60, 70), (51, 63), (59, 65), (50, 73), (61, 64)], 0.49, 0.47)
(3, [(56, 68), (51, 70), (56, 65)], 0.67, 0.46)
(3, [(55, 67), (51, 69), (55, 65)], 0.65, 0.51)
(2, [(54, 66), (51, 68)], 1.0, 0.0)
(2, [(57, 68), (57, 64)], 1.0, 0.0)
(3, [(56, 66), (58, 65), (59, 64)], 0.47, 0.5)
(3, [(55, 65), (59, 66), (60, 66)], 0.6, 0.62)
(3, [(54, 66), (58, 68), (59, 67)], 0.67, 0.56)
(3, [(53, 65), (58, 68), (59, 67)], 0.67, 0.59)
(2, [(56, 69), (57, 68)], 1.0, 0.0)
(2, [(55, 67), (56, 67)], 1.0, 0.0)
(4, [(59, 68), (61, 70), (61, 66), (62, 64)], 0.62, 0.45)
(2, [(59, 68), (61, 70)], 1.0, 0.0)
(2, [(59, 68), (61, 66)], 1.0, 0.0)
(2, [(59, 68), (60, 70)], 1.0, 0.0)
(6, [(57, 65), (60, 67), (52, 63), (59, 64), (51, 71), (60, 63)], 0.48, 0.54)
(3, [(59, 64), (51, 71), (60, 64)], 0.64, 0.67)
(2, [(59, 64), (60, 64)], 1.0, 0.0)
(2, [(58, 64), (59, 64)], 1.0, 0.0)
